Match_Number,Match,Date,Year,Venue,Team_Batting_First,Team_Batting_Second,Bat_First_Runs_Scored,Bat_First_Wickets_Lost,Bat_First_Overs_Consumed,Bat_First_Overs_Allocated,Bat_Second_Runs_Scored,Bat_Second_Wickets_Lost,Bat_Second_Overs_Consumed,Bat_Second_Overs_Allocated,Winner,Winning_Team,Winning_Margin,Win_Type,Bat_First_Run_Rate,Bat_Second_Run_Rate,Balls_Remaining,Bat_First_5_ov_score,Bat_First_5_ov_wkts_lost,Bat_First_10_ov_score,Bat_First_10_ov_wkts_lost,Bat_First_15_ov_score,Bat_First_15_ov_wkts_lost,Bat_First_20_ov_score,Bat_First_20_ov_wkts_lost,Bat_Second_5_ov_score,Bat_Second_5_ov_wkts_lost,Bat_Second_5_ov_Req_RR,Bat_Second_10_ov_score,Bat_Second_10_ov_wkts_lost,Bat_Second_10_ov_Req_RR,Bat_Second_15_ov_score,Bat_Second_15_ov_wkts_lost,Bat_Second_15_ov_Req_RR,Bat_Second_20_ov_score,Bat_Second_20_ov_wkts_lost,Match_Time,Duckworth Lewis Used
1,League Match,Apr 18,2008,Bangalore,Kolkata,Bangalore,222,3,20,20,82,10,15.1,20,Kolkata,FirstBatting,140,run,11.10,5.41,29,60,0,87,1,154,2,222,3,24,3,13.26,51,7,17.20,81,9,28.40,,,Evening,
2,League Match,Apr 19,2008,Mohali,Chennai,Punjab,240,5,20,20,207,4,20,20,Chennai,FirstBatting,33,run,12.00,10.35,0,42,1,88,3,161,4,240,5,47,0,12.93,110,1,13.10,165,3,15.20,207,4,Afternoon,
3,League Match,Apr 19,2008,Delhi,Rajasthan,Delhi,129,8,20,20,132,1,15.1,20,Delhi,Chasing,9,wicket,6.45,8.70,29,37,2,57,4,96,7,129,8,48,1,5.46,86,1,4.40,128,1,0.40,,,Evening,
4,League Match,Apr 20,2008,Kolkata,Hyderabad,Kolkata,110,10,18.4,20,112,5,19,20,Kolkata,Chasing,5,wicket,5.89,5.89,6,23,2,52,4,77,6,110,10,23,3,5.86,38,3,7.30,81,4,6.00,,,Afternoon,
5,League Match,Apr 20,2008,Mumbai,Mumbai,Bangalore,165,6,20,20,166,5,19.4,20,Bangalore,Chasing,5,wicket,8.25,8.44,2,41,1,74,2,105,3,165,6,37,1,8.60,76,3,9.00,118,4,9.60,166,5,Evening,
6,League Match,Apr 21,2008,Jaipur,Punjab,Rajasthan,166,8,20,20,168,4,18.1,20,Rajasthan,Chasing,6,wicket,8.30,9.25,11,38,1,82,4,115,4,166,8,48,3,7.93,87,3,8.00,142,4,5.00,,,Evening,
7,League Match,Apr 22,2008,Hyderabad,Hyderabad,Delhi,142,8,20,20,143,1,13,20,Delhi,Chasing,9,wicket,7.10,11.00,42,23,1,45,4,73,5,142,8,37,1,7.06,95,1,4.80,,,,,,Evening,
8,League Match,Apr 23,2008,Chennai,Chennai,Mumbai,208,5,20,20,202,7,20,20,Chennai,FirstBatting,6,run,10.40,10.10,0,40,2,82,2,143,3,208,5,50,2,10.60,83,3,12.60,134,5,15.00,202,7,Evening,
9,League Match,Apr 24,2008,Hyderabad,Hyderabad,Rajasthan,214,5,20,20,217,7,19.5,20,Rajasthan,Chasing,3,wicket,10.70,10.94,1,48,2,85,3,148,3,214,5,57,1,10.53,114,2,10.10,159,3,11.20,217,7,Evening,
10,League Match,Apr 25,2008,Mohali,Punjab,Mumbai,182,10,20,20,116,9,20,20,Punjab,FirstBatting,66,run,9.10,5.80,0,43,1,94,2,138,4,182,10,34,2,9.93,67,4,11.60,101,7,16.40,116,9,Evening,
11,League Match,Apr 26,2008,Chennai,Kolkata,Chennai,147,9,20,20,152,1,17,20,Chennai,Chasing,9,wicket,7.35,8.94,18,50,2,72,5,104,6,147,9,35,0,7.53,77,1,7.10,121,1,5.40,,,Afternoon,
12,League Match,Apr 26,2008,Bangalore,Bangalore,Rajasthan,135,8,20,20,138,3,17.1,20,Rajasthan,Chasing,7,wicket,6.75,8.04,17,42,2,77,5,95,7,135,8,39,2,6.46,73,2,6.30,121,2,3.00,,,Evening,
13,League Match,Apr 27,2008,Mohali,Delhi,Punjab,158,8,20,20,162,6,19.3,20,Punjab,Chasing,4,wicket,7.90,8.31,3,40,2,69,4,107,5,158,8,43,2,7.73,81,3,7.80,123,4,7.20,162,6,Afternoon,
14,League Match,Apr 27,2008,Mumbai,Mumbai,Hyderabad,154,7,20,20,155,0,12,20,Hyderabad,Chasing,10,wicket,7.70,12.92,48,22,2,54,3,99,5,154,7,47,0,7.20,130,0,2.50,,,,,,Evening,
15,League Match,Apr 28,2008,Bangalore,Chennai,Bangalore,178,5,20,20,165,10,19.4,20,Chennai,FirstBatting,13,run,8.90,8.39,2,25,1,65,2,102,3,178,5,32,1,9.80,93,1,8.60,132,3,9.40,165,10,Evening,
16,League Match,Apr 29,2008,Kolkata,Kolkata,Mumbai,137,8,20,20,138,3,18.4,20,Mumbai,Chasing,7,wicket,6.85,7.39,8,38,2,60,3,87,6,137,8,29,3,7.26,69,3,6.90,110,3,5.60,,,Evening,
17,League Match,Apr 30,2008,Delhi,Delhi,Bangalore,191,5,20,20,181,5,20,20,Delhi,FirstBatting,10,run,9.55,9.05,0,53,1,91,1,151,2,191,5,48,3,9.60,83,3,10.90,134,3,11.60,181,5,Evening,
18,League Match,May 1,2008,Jaipur,Rajasthan,Kolkata,196,7,20,20,151,10,19.1,20,Rajasthan,FirstBatting,45,run,9.80,7.88,5,38,1,89,2,142,4,196,7,44,2,10.20,78,3,11.90,128,5,13.80,151,10,Afternoon,
19,League Match,May 1,2008,Hyderabad,Hyderabad,Punjab,164,8,20,20,167,3,18.5,20,Punjab,Chasing,7,wicket,8.20,8.87,7,38,1,76,3,111,6,164,8,37,0,8.53,77,2,8.80,129,3,7.20,,,Evening,
20,League Match,May 2,2008,Chennai,Chennai,Delhi,169,6,20,20,172,2,19,20,Delhi,Chasing,8,wicket,8.45,9.05,6,37,1,82,2,126,3,169,6,54,0,7.73,106,0,6.40,142,2,5.60,,,Evening,
21,League Match,May 3,2008,Bangalore,Bangalore,Hyderabad,156,8,20,20,153,6,20,20,Bangalore,FirstBatting,3,run,7.80,7.65,0,39,1,80,1,114,5,156,8,31,1,8.40,63,2,9.40,112,2,9.00,153,6,Afternoon,
22,League Match,May 3,2008,Mohali,Punjab,Kolkata,178,6,20,20,169,6,20,20,Punjab,FirstBatting,9,run,8.90,8.45,0,44,1,85,2,119,5,178,6,29,4,10.00,52,5,12.70,101,5,15.60,169,6,Evening,
23,League Match,May 4,2008,Mumbai,Mumbai,Delhi,162,8,20,20,133,10,18.5,20,Mumbai,FirstBatting,29,run,8.10,7.06,7,35,0,74,2,112,5,162,8,29,2,8.93,81,3,8.20,114,5,9.80,,,Afternoon,
24,League Match,May 4,2008,Jaipur,Chennai,Rajasthan,109,10,19,20,110,2,14.2,20,Rajasthan,Chasing,8,wicket,5.74,7.67,34,30,3,58,5,91,7,109,10,34,0,5.06,78,0,3.20,110,2,,,,Evening,
25,League Match,May 5,2008,Bangalore,Bangalore,Punjab,126,10,19.2,20,127,4,18.2,20,Punjab,Chasing,6,wicket,6.52,6.93,10,19,3,51,3,97,4,126,10,44,1,5.53,81,2,4.60,109,4,3.60,,,Evening,
26,League Match,May 6,2008,Chennai,Chennai,Hyderabad,144,7,20,20,148,3,18,20,Hyderabad,Chasing,7,wicket,7.20,8.22,12,31,2,66,4,86,6,144,7,30,1,7.66,78,2,6.70,115,2,6.00,,,Evening,
27,League Match,May 7,2008,Mumbai,Rajasthan,Mumbai,103,10,16.2,20,104,3,15.1,20,Mumbai,Chasing,7,wicket,6.31,6.86,29,31,2,79,3,102,7,103,10,29,0,5.00,64,1,4.00,102,3,0.40,,,Evening,
28,League Match,May 8,2008,Delhi,Delhi,Chennai,187,5,20,20,188,6,20,20,Chennai,Chasing,4,wicket,9.35,9.40,0,45,1,83,2,133,2,187,5,42,0,9.73,98,2,9.00,142,4,9.20,188,6,Afternoon,
29,League Match,May 8,2008,Kolkata,Kolkata,Bangalore,129,7,16,16,124,4,16,16,Kolkata,FirstBatting,5,run,8.06,7.75,0,36,2,76,4,115,6,,,32,2,9.00,53,3,13.00,111,4,20.00,,,Evening,
30,League Match,May 9,2008,Jaipur,Hyderabad,Rajasthan,140,8,20,20,141,2,16,20,Rajasthan,Chasing,8,wicket,7.00,8.81,24,41,0,74,1,103,4,140,8,33,0,7.20,81,0,6.00,129,1,2.40,,,Evening,
31,League Match,May 10,2008,Chennai,Chennai,Punjab,181,4,20,20,163,9,20,20,Chennai,FirstBatting,18,run,9.05,8.15,0,38,2,85,3,144,3,181,4,31,2,10.06,76,2,10.60,115,6,13.40,163,9,Evening,
32,League Match,May 11,2008,Hyderabad,Kolkata,Hyderabad,204,4,20,20,181,7,20,20,Kolkata,FirstBatting,23,run,10.20,9.05,0,33,1,73,1,118,2,204,4,41,2,10.93,74,4,13.10,125,6,16.00,181,7,Afternoon,
33,League Match,May 11,2008,Jaipur,Delhi,Rajasthan,156,7,20,20,159,7,19.1,20,Rajasthan,Chasing,3,wicket,7.80,8.30,5,39,0,68,3,96,5,156,7,15,2,9.46,80,2,7.70,120,4,7.40,159,7,Evening,
34,League Match,May 12,2008,Mohali,Bangalore,Punjab,143,8,20,20,144,1,15.4,20,Punjab,Chasing,9,wicket,7.15,9.19,26,36,2,74,3,102,5,143,8,33,0,7.40,70,1,7.40,141,1,0.60,,,Evening,
35,League Match,May 13,2008,Kolkata,Kolkata,Delhi,133,6,20,20,110,10,17.5,20,Kolkata,FirstBatting,23,run,6.65,6.17,13,28,0,69,2,95,3,133,6,32,4,6.80,64,5,7.00,97,6,7.40,,,Evening,
36,League Match,May 14,2008,Mumbai,Chennai,Mumbai,156,6,20,20,158,1,13.5,20,Mumbai,Chasing,9,wicket,7.80,11.42,37,23,1,57,4,89,4,156,6,57,0,6.66,107,1,5.00,,,,,,Evening,
37,League Match,May 15,2008,Delhi,Delhi,Hyderabad,194,4,20,20,182,9,20,20,Delhi,FirstBatting,12,run,9.70,9.10,0,40,1,76,1,138,1,194,4,61,1,8.93,84,3,11.10,128,4,13.40,182,9,Evening,
38,League Match,May 16,2008,Mumbai,Kolkata,Mumbai,67,10,15.2,20,68,2,5.3,20,Mumbai,Chasing,8,wicket,4.37,12.36,87,22,3,44,6,67,9,67,10,53,2,1.00,,,,,,,,,Evening,
39,League Match,May 17,2008,Jaipur,Rajasthan,Bangalore,197,1,20,20,132,9,20,20,Rajasthan,FirstBatting,65,run,9.85,6.60,0,43,0,94,0,143,1,197,1,18,3,12.00,38,4,16,83,7,23.00,132,9,Afternoon,
40,League Match,May 17,2008,Delhi,Delhi,Punjab,118,4,11,11,94,3,8,8,Punjab,Chasing,6,run,10.73,11.75,0,46,0,115,2,,,,,56,3,11.33,,,,,,,,,Evening,D/L
41,League Match,May 18,2008,Kolkata,Kolkata,Chennai,149,5,20,20,55,0,8,8,Chennai,Chasing,3,run,7.45,6.88,0,28,2,61,2,101,2,149,5,36,0,7.60,,,,,,,,,Afternoon,D/L
42,League Match,May 18,2008,Hyderabad,Mumbai,Hyderabad,178,7,20,20,153,7,20,20,Mumbai,FirstBatting,25,run,8.90,7.65,0,48,1,78,3,114,4,178,7,23,3,10.40,59,4,12,106,4,14.60,153,7,Evening,
43,League Match,May 19,2008,Bangalore,Bangalore,Delhi,154,7,20,20,158,5,18.2,20,Delhi,Chasing,5,wicket,7.70,8.62,10,35,1,70,2,102,3,154,7,60,0,6.33,105,2,5,127,4,5.60,,,Evening,
44,League Match,May 20,2008,Kolkata,Kolkata,Rajasthan,147,8,20,20,150,4,16.3,20,Rajasthan,Chasing,6,wicket,7.35,9.09,21,24,1,59,2,102,4,147,8,42,1,7.06,69,4,7.9,128,4,4.00,,,Evening,
45,League Match,May 21,2008,Mumbai,Punjab,Mumbai,189,4,20,20,188,10,20,20,Punjab,FirstBatting,1,run,9.45,9.40,0,30,1,84,1,134,2,189,4,56,1,8.93,90,2,10,144,3,9.20,188,10,Afternoon,
46,League Match,May 21,2008,Chennai,Bangalore,Chennai,126,8,20,20,112,8,20,20,Bangalore,FirstBatting,14,run,6.30,5.60,0,22,1,41,4,76,5,126,8,42,0,5.66,61,1,6.6,91,4,7.20,111,8,Evening,
47,League Match,May 23,2008,Mohali,Hyderabad,Punjab,175,4,20,20,178,4,19.3,20,Punjab,Chasing,6,wicket,8.75,9.13,3,39,0,70,0,111,2,175,4,63,0,7.53,101,1,7.5,135,2,8.20,178,4,Evening,
48,League Match,May 24,2008,Chennai,Rajasthan,Chennai,211,5,20,20,201,7,20,20,Rajasthan,FirstBatting,10,run,10.55,10.05,0,52,0,107,0,167,2,211,5,55,1,10.46,99,2,11.3,157,3,11.00,201,7,Afternoon,
49,League Match,May 24,2008,Delhi,Mumbai,Delhi,176,8,20,20,179,5,19.5,20,Delhi,Chasing,5,wicket,8.80,9.03,1,43,0,81,1,123,4,176,8,50,2,8.46,88,2,8.9,130,5,9.40,179,5,Evening,
50,League Match,May 25,2008,Hyderabad,Hyderabad,Bangalore,165,10,20,20,171,5,19,20,Bangalore,Chasing,5,wicket,8.25,9.00,6,34,0,81,0,123,4,165,10,36,1,8.66,61,2,10.5,106,3,12.00,,,Afternoon,
51,League Match,May 25,2008,Kolkata,Punjab,Kolkata,174,6,20,20,175,7,19.4,20,Kolkata,Chasing,3,wicket,8.70,8.90,2,37,1,82,1,133,3,174,6,45,0,8.66,74,4,10.1,104,5,14.20,175,7,Evening,
52,League Match,May 26,2008,Jaipur,Mumbai,Rajasthan,145,7,20,20,146,5,20,20,Rajasthan,Chasing,5,wicket,7.25,7.30,0,28,0,60,0,97,2,145,7,32,1,7.60,67,3,7.9,90,5,11.20,146,5,Evening,
53,League Match,May 27,2008,Hyderabad,Hyderabad,Chennai,147,8,20,20,148,3,19.2,20,Chennai,Chasing,7,wicket,7.35,7.66,4,18,2,57,2,93,3,147,8,41,1,7.13,72,2,7.6,114,2,6.80,148,3,Evening,
54,League Match,May 28,2008,Bangalore,Bangalore,Mumbai,122,9,18,18,126,1,16,18,Mumbai,Chasing,9,wicket,6.78,7.88,12,34,0,56,3,92,7,,,36,0,6.76,79,0,5.62,117,1,2.33,,,Afternoon,
55,League Match,May 28,2008,Mohali,Punjab,Rajasthan,221,3,20,20,180,7,20,20,Punjab,FirstBatting,41,run,11.05,9.00,0,41,0,88,0,144,1,221,3,29,2,12.86,67,2,15.5,140,5,16.40,180,7,Evening,
56,1st Semi-Final,May 30,2008,Mumbai,Rajasthan,Delhi,192,9,20,20,87,10,16.1,20,Rajasthan,FirstBatting,105,run,9.60,5.38,23,43,0,83,3,142,4,192,9,24,2,11.26,56,5,13.7,82,8,22.20,,,Evening,
57,2nd Semi-Final,May 31,2008,Mumbai,Punjab,Chennai,112,8,20,20,116,1,14.5,20,Chennai,Chasing,9,wicket,5.60,7.82,31,30,3,45,6,68,7,112,8,30,1,5.53,62,1,5.1,116,1,,,,Evening,
58,Final,Jun 1,2008,Mumbai,Chennai,Rajasthan,163,5,20,20,164,7,20,20,Rajasthan,Chasing,3,wicket,8.15,8.20,0,39,0,75,2,117,3,163,5,36,1,8.53,75,3,8.9,112,4,10.40,164,7,Evening,
59,League Match,Apr 18,2009,Cape Town,Mumbai,Chennai,165,7,20,20,146,7,20,20,Mumbai,FirstBatting,19,run,8.25,7.30,0,35,0,64,1,105,4,165,7,33,2,8.86,70,3,9.6,108,5,11.60,146,7,Afternoon,
60,League Match,Apr 18,2009,Cape Town,Bangalore,Rajasthan,133,8,20,20,58,10,15.1,20,Bangalore,FirstBatting,75,run,6.65,3.82,29,17,3,57,4,87,5,133,8,13,2,8.06,32,5,10.2,58,9,15.20,,,Evening,
61,League Match,Apr 19,2009,Cape Town,Punjab,Delhi,104,7,12,12,58,0,4.5,6,Delhi,Chasing,10,wicket,8.67,12.00,7,52,0,91,3,,,,,58,0,,,,,,,,,,Afternoon,
62,League Match,Apr 19,2009,Cape Town,Kolkata,Hyderabad,101,10,19.4,20,104,2,13.1,20,Hyderabad,Chasing,8,wicket,5.14,7.90,41,15,2,31,3,64,5,101,10,35,2,4.46,69,2,3.3,,,,,,Evening,
63,League Match,Apr 20,2009,Port Elizabeth,Chennai,Bangalore,179,5,20,20,87,10,15.2,20,Chennai,FirstBatting,92,run,8.95,5.67,28,56,0,106,0,135,2,179,5,40,1,9.33,56,5,12.4,85,9,19.00,,,Evening,
64,League Match,Apr 21,2009,Durban,Punjab,Kolkata,158,6,20,20,79,1,9.2,9.2,Kolkata,Chasing,11,run,7.90,8.46,0,36,1,67,3,117,4,158,6,47,0,7.46,79,1,,,,,,,Evening,D/L
65,League Match,Apr 22,2009,Cape Town,Hyderabad,Bangalore,184,6,20,20,160,8,20,20,Hyderabad,FirstBatting,24,run,9.20,8.00,0,49,1,91,2,139,3,184,6,25,2,10.66,57,3,12.8,109,4,15.20,160,8,Evening,
66,League Match,Apr 23,2009,Durban,Delhi,Chennai,189,5,20,20,180,9,20,20,Delhi,FirstBatting,9,run,9.45,9.00,0,46,2,90,3,123,4,189,5,56,0,8.93,106,2,8.4,148,4,8.40,180,9,Afternoon,
67,League Match,Apr 23,2009,Cape Town,Rajasthan,Kolkata,150,6,20,20,150,8,20,20,Match tied,Match Tied,,,7.50,7.50,0,40,2,78,4,107,4,150,6,28,1,8.2,67,3,8.4,98,5,10.60,150,8,Evening,
68,League Match,Apr 24,2009,Durban,Bangalore,Punjab,168,9,20,20,173,3,19,20,Punjab,Chasing,7,wicket,8.40,9.11,6,47,1,71,3,118,4,168,9,39,0,8.66,80,1,8.9,109,2,12.00,,,Evening,
69,League Match,Apr 25,2009,Durban,Hyderabad,Mumbai,168,9,20,20,156,7,20,20,Hyderabad,FirstBatting,12,run,8.40,7.80,0,44,0,88,1,137,4,168,9,42,1,8.46,84,1,8.5,108,4,12.20,156,7,Evening,
70,League Match,Apr 26,2009,Port Elizabeth,Bangalore,Delhi,149,7,20,20,150,4,19.2,20,Delhi,Chasing,6,wicket,7.45,7.76,4,35,2,74,3,100,4,149,7,39,1,7.4,64,2,8.6,99,3,10.20,150,4,Afternoon,
71,League Match,Apr 26,2009,Cape Town,Punjab,Rajasthan,139,6,20,20,112,7,20,20,Punjab,FirstBatting,27,run,6.95,5.60,0,28,2,60,4,98,4,139,6,27,4,7.53,48,6,9.2,82,6,11.60,112,7,Evening,
72,League Match,Apr 27,2009,Durban,Chennai,Hyderabad,165,6,20,20,169,4,19.3,20,Hyderabad,Chasing,6,wicket,8.25,8.67,3,55,1,88,2,113,4,165,6,66,0,6.66,85,2,8.1,129,3,7.40,169,4,Afternoon,
73,League Match,Apr 27,2009,Port Elizabeth,Mumbai,Kolkata,187,6,20,20,95,10,15.2,20,Mumbai,FirstBatting,92,run,9.35,6.20,28,45,0,111,0,151,3,187,6,39,2,9.93,70,2,11.8,95,7,18.60,,,Evening,
74,League Match,Apr 28,2009,Centurion,Delhi,Rajasthan,143,7,20,20,147,5,18.3,20,Rajasthan,Chasing,5,wicket,7.15,7.95,9,36,2,66,4,101,4,143,7,31,2,7.53,60,3,8.4,96,5,9.60,,,Evening,
75,League Match,Apr 29,2009,Durban,Kolkata,Bangalore,139,6,20,20,143,5,19.5,20,Bangalore,Chasing,5,wicket,6.95,7.21,1,44,1,61,3,94,4,139,6,40,0,6.66,65,0,7.5,98,2,8.40,143,5,Afternoon,
76,League Match,Apr 29,2009,Durban,Punjab,Mumbai,119,8,20,20,116,7,20,20,Punjab,FirstBatting,3,run,5.95,5.80,0,23,2,50,3,86,5,119,8,13,3,7.13,47,4,7.3,81,4,7.80,116,7,Evening,
77,League Match,Apr 30,2009,Centurion,Hyderabad,Delhi,148,9,20,20,150,4,18.4,20,Delhi,Chasing,6,wicket,7.40,8.04,8,30,2,55,4,118,5,148,9,35,2,7.6,70,3,7.9,101,3,9.60,,,Afternoon,
78,League Match,Apr 30,2009,Centurion,Chennai,Rajasthan,164,5,20,20,126,10,19.3,20,Chennai,FirstBatting,38,run,8.20,6.46,3,26,2,81,2,104,4,164,5,28,1,9.13,61,3,10.4,98,5,13.40,126,10,Evening,
79,League Match,May 1,2009,East London,Mumbai,Kolkata,148,6,20,20,139,6,20,20,Mumbai,FirstBatting,9,run,7.40,6.95,0,31,1,61,3,88,4,148,6,21,2,8.53,60,2,8.9,98,3,10.20,139,6,Afternoon,
80,League Match,May 1,2009,Durban,Bangalore,Punjab,145,9,20,20,137,7,20,20,Bangalore,FirstBatting,8,run,7.25,6.85,0,27,2,62,3,100,6,145,9,28,0,7.86,70,1,7.6,95,3,10.20,137,7,Evening,
81,League Match,May 2,2009,Port Elizabeth,Hyderabad,Rajasthan,141,5,20,20,142,7,19.4,20,Rajasthan,Chasing,3,wicket,7.05,7.22,2,35,1,58,3,102,3,141,5,20,3,8.13,60,5,8.2,98,6,8.80,142,7,Afternoon,
82,League Match,May 2,2009,Johannesburg,Chennai,Delhi,163,10,20,20,145,8,20,20,Chennai,FirstBatting,18,run,8.15,7.25,0,36,1,77,2,130,4,163,10,38,2,8.4,72,3,9.2,120,3,8.80,145,8,Evening,
83,League Match,May 3,2009,Port Elizabeth,Kolkata,Punjab,153,3,20,20,154,4,20,20,Punjab,Chasing,6,wicket,7.65,7.70,0,23,1,52,1,92,2,153,3,44,1,7.33,81,3,7.3,116,4,7.60,154,4,Afternoon,
84,League Match,May 3,2009,Johannesburg,Mumbai,Bangalore,149,4,20,20,150,1,18.1,20,Bangalore,Chasing,9,wicket,7.45,8.26,11,23,2,53,3,86,4,149,4,51,1,6.6,74,1,7.6,122,1,5.60,,,Evening,
85,League Match,May 4,2009,East London,Chennai,Hyderabad,178,3,20,20,100,10,14.4,20,Chennai,FirstBatting,78,run,8.90,6.82,32,45,0,84,1,130,2,178,3,34,3,9.66,79,5,10,100,10,,,,Evening,
86,League Match,May 5,2009,Durban,Rajasthan,Punjab,211,4,20,20,133,8,20,20,Rajasthan,FirstBatting,78,run,10.55,6.65,0,44,0,93,0,136,1,211,4,25,3,12.46,53,5,15.9,96,6,23.20,133,8,Afternoon,
87,League Match,May 5,2009,Durban,Kolkata,Delhi,154,3,20,20,157,1,19,20,Delhi,Chasing,9,wicket,7.70,8.26,6,48,0,69,1,103,2,154,3,49,0,7.06,76,1,7.9,114,1,8.20,,,Evening,
88,League Match,May 6,2009,Centurion,Hyderabad,Mumbai,145,6,20,20,126,8,20,20,Hyderabad,FirstBatting,19,run,7.25,6.30,0,36,1,63,3,99,4,145,6,27,2,7.93,71,3,7.5,100,4,9.20,126,8,Evening,
89,League Match,May 7,2009,Centurion,Bangalore,Rajasthan,105,10,20,20,107,3,15,20,Rajasthan,Chasing,7,wicket,5.25,7.13,30,23,2,49,4,76,6,105,10,25,0,5.4,62,2,4.4,107,3,,,,Afternoon,
90,League Match,May 7,2009,Centurion,Chennai,Punjab,185,3,18,18,174,3,18,18,Chennai,FirstBatting,12,run,10.28,9.67,0,45,1,80,2,145,2,,,47,1,10.84,90,3,12.25,148,3,13.33,,,Evening,D/L
91,League Match,May 8,2009,East London,Mumbai,Delhi,116,10,20,20,118,3,18.5,20,Delhi,Chasing,7,wicket,5.80,6.27,7,25,2,43,4,74,4,116,10,33,0,5.6,52,2,6.5,74,2,8.60,,,Evening,
92,League Match,May 9,2009,Kimberley,Hyderabad,Punjab,168,5,20,20,169,7,19.5,20,Punjab,Chasing,3,wicket,8.40,8.52,1,44,1,72,3,100,4,168,5,42,2,8.46,86,4,8.3,119,5,10.00,169,7,Afternoon,
93,League Match,May 9,2009,Kimberley,Rajasthan,Chennai,140,7,20,20,141,3,18.2,20,Chennai,Chasing,7,wicket,7.00,7.69,10,25,1,61,2,99,4,140,7,25,1,7.73,67,2,7.4,97,2,8.80,,,Evening,
94,League Match,May 10,2009,Port Elizabeth,Mumbai,Bangalore,157,2,20,20,141,7,20,20,Mumbai,FirstBatting,16,run,7.85,7.05,0,42,1,67,2,104,2,157,2,31,2,8.46,58,4,10,100,6,11.60,141,7,Afternoon,
95,League Match,May 10,2009,Johannesburg,Kolkata,Delhi,123,8,20,20,125,3,17.1,20,Delhi,Chasing,7,wicket,6.15,7.28,17,25,3,52,5,77,6,123,8,45,0,5.26,72,3,5.2,100,3,4.80,,,Evening,
96,League Match,May 11,2009,Kimberley,Hyderabad,Rajasthan,166,7,20,20,113,10,19.3,20,Hyderabad,FirstBatting,53,run,8.30,5.79,3,32,1,77,3,108,4,166,7,25,2,9.46,59,3,10.8,95,6,14.40,113,10,Evening,
97,League Match,May 12,2009,Centurion,Kolkata,Bangalore,173,4,20,20,176,4,19.2,20,Bangalore,Chasing,6,wicket,8.65,9.10,4,27,2,69,2,102,3,173,4,36,0,9.2,70,2,10.4,119,3,11.00,176,4,Afternoon,
98,League Match,May 12,2009,Centurion,Punjab,Mumbai,119,9,20,20,122,2,16.2,20,Mumbai,Chasing,8,wicket,5.95,7.47,22,43,2,70,4,92,7,119,9,35,1,5.66,74,2,4.6,113,2,1.40,,,Evening,
99,League Match,May 13,2009,Durban,Delhi,Hyderabad,173,7,20,20,161,10,19.4,20,Delhi,FirstBatting,12,run,8.65,8.19,2,32,1,81,3,109,4,173,7,40,2,8.93,83,2,9.1,134,3,8.00,161,10,Evening,
100,League Match,May 14,2009,Durban,Chennai,Bangalore,129,10,19.4,20,132,8,19.4,20,Bangalore,Chasing,2,wicket,6.56,6.71,2,43,1,72,2,105,4,129,10,30,3,6.66,57,3,7.3,91,4,7.80,132,8,Afternoon,
101,League Match,May 14,2009,Durban,Rajasthan,Mumbai,145,7,20,20,143,10,19.5,20,Rajasthan,FirstBatting,2,run,7.25,7.21,1,39,0,66,2,123,2,145,7,23,2,8.2,54,3,9.2,98,5,9.60,143,10,Evening,
102,League Match,May 15,2009,Bloemfontein,Delhi,Punjab,120,9,20,20,123,4,19.1,20,Punjab,Chasing,6,wicket,6.00,6.42,5,27,2,52,4,97,4,120,9,35,2,5.73,50,3,7.1,86,3,7.00,123,4,Evening,
103,League Match,May 16,2009,Port Elizabeth,Mumbai,Chennai,147,5,20,20,151,3,19.1,20,Chennai,Chasing,7,wicket,7.35,7.88,5,34,1,70,2,96,3,147,5,34,2,7.6,56,2,9.2,102,3,9.20,151,3,Afternoon,
104,League Match,May 16,2009,Johannesburg,Kolkata,Hyderabad,160,5,20,20,166,4,20,20,Hyderabad,Chasing,6,wicket,8.00,8.30,0,29,1,50,1,89,2,160,5,41,0,8,71,1,9,105,2,11.20,166,4,Evening,
105,League Match,May 17,2009,Johannesburg,Punjab,Hyderabad,134,7,20,20,133,8,20,20,Punjab,FirstBatting,1,run,6.70,6.65,0,33,3,55,4,94,4,134,7,40,2,6.33,65,2,7,86,5,9.80,133,8,Afternoon,
106,League Match,May 17,2009,Bloemfontein,Delhi,Rajasthan,150,3,20,20,136,9,20,20,Delhi,FirstBatting,14,run,7.50,6.80,0,26,2,60,2,95,2,150,3,19,2,8.8,60,3,9.1,93,5,11.60,136,9,Evening,
107,League Match,May 18,2009,Centurion,Chennai,Kolkata,188,3,20,20,189,3,20,20,Kolkata,Chasing,7,wicket,9.40,9.45,0,42,0,83,2,123,2,188,3,34,1,10.33,83,1,10.6,131,2,11.60,189,3,Evening,
108,League Match,May 19,2009,Johannesburg,Delhi,Bangalore,134,7,20,20,135,3,19,20,Bangalore,Chasing,7,wicket,6.70,7.11,6,28,2,63,3,89,5,134,7,19,1,7.73,54,1,8.1,102,3,6.60,,,Evening,
109,League Match,May 20,2009,Durban,Rajasthan,Kolkata,101,9,20,20,102,6,19.3,20,Kolkata,Chasing,4,wicket,5.05,5.23,3,38,3,61,5,79,7,101,9,21,3,5.4,38,5,6.4,65,6,7.40,102,6,Afternoon,
110,League Match,May 20,2009,Durban,Chennai,Punjab,116,9,20,20,92,8,20,20,Chennai,FirstBatting,24,run,5.80,4.60,0,44,1,70,4,96,6,116,9,26,1,6.06,42,2,7.5,59,4,11.60,92,8,Evening,
111,League Match,May 21,2009,Centurion,Mumbai,Delhi,165,8,20,20,166,6,17.3,20,Delhi,Chasing,4,wicket,8.25,9.49,15,28,3,72,3,109,5,165,8,46,1,8,93,1,7.3,146,4,4.00,,,Afternoon,
112,League Match,May 21,2009,Centurion,Bangalore,Hyderabad,170,4,20,20,158,6,20,20,Bangalore,FirstBatting,12,run,8.50,7.90,0,31,1,64,2,116,3,170,4,45,0,8.4,85,1,8.6,119,3,10.40,158,6,Evening,
113,1st Semi-Final,May 22,2009,Centurion,Delhi,Hyderabad,153,8,20,20,154,4,17.4,20,Hyderabad,Chasing,6,wicket,7.65,8.72,14,41,2,83,2,109,3,153,8,59,1,6.33,102,3,5.2,146,4,1.60,,,Evening,
114,2nd Semi-Final,May 23,2009,Johannesburg,Chennai,Bangalore,146,5,20,20,149,4,18.5,20,Bangalore,Chasing,6,wicket,7.30,7.91,7,46,0,74,2,107,3,146,5,49,2,6.53,82,2,6.5,110,3,7.40,,,Evening,
115,Final,May 24,2009,Johannesburg,Hyderabad,Bangalore,143,6,20,20,137,9,20,20,Hyderabad,FirstBatting,6,run,7.15,6.85,0,23,2,62,3,101,3,143,6,33,1,7.4,69,3,7.5,103,6,8.20,137,9,Evening,
116,League Match,Mar 12,2010,Mumbai,Kolkata,Hyderabad,161,4,20,20,150,7,20,20,Kolkata,FirstBatting,11,run,8.05,7.50,0,31,3,57,4,92,4,161,4,56,0,7.06,88,1,7.4,122,4,8.00,150,7,Evening,
117,League Match,Mar 13,2010,Mumbai (BS),Mumbai,Rajasthan,212,6,20,20,208,7,20,20,Mumbai,FirstBatting,4,run,10.60,10.40,0,52,1,101,3,159,3,212,6,38,1,11.66,69,4,14.4,143,4,14.00,208,7,Afternoon,
118,League Match,Mar 13,2010,Mohali,Punjab,Delhi,142,9,20,20,146,5,19.5,20,Delhi,Chasing,5,wicket,7.10,7.36,1,39,1,76,4,113,6,142,9,30,2,7.53,61,3,8.2,105,4,7.60,146,5,Evening,
119,League Match,Mar 14,2010,Kolkata,Bangalore,Kolkata,135,7,20,20,136,3,19.2,20,Kolkata,Chasing,7,wicket,6.75,7.03,4,18,2,57,4,89,5,135,7,52,0,5.6,85,0,5.1,116,2,4.00,136,3,Afternoon,
120,League Match,Mar 14,2010,Chennai,Hyderabad,Chennai,190,4,20,20,159,9,20,20,Hyderabad,FirstBatting,31,run,9.50,7.95,0,55,2,80,2,127,2,190,4,31,3,10.66,70,5,12.1,108,6,16.60,159,9,Evening,
121,League Match,Mar 15,2010,Ahmedabad,Rajasthan,Delhi,141,6,20,20,142,4,17.1,20,Delhi,Chasing,6,wicket,7.05,8.27,17,45,2,57,4,91,4,141,6,47,2,6.33,99,3,4.3,131,4,2.20,,,Evening,
122,League Match,Mar 16,2010,Bangalore,Punjab,Bangalore,203,3,20,20,204,2,18.5,20,Bangalore,Chasing,8,wicket,10.15,10.83,7,35,0,87,0,133,1,203,3,43,0,10.73,89,1,11.5,149,2,11.00,,,Afternoon,
123,League Match,Mar 16,2010,Kolkata,Chennai,Kolkata,164,3,20,20,109,10,19.2,20,Chennai,FirstBatting,55,run,8.20,5.64,4,22,1,59,3,96,3,164,3,34,3,8.73,67,5,9.8,90,9,15.00,109,10,Evening,
124,League Match,Mar 17,2010,Delhi,Mumbai,Delhi,218,7,20,20,120,10,16.3,20,Mumbai,FirstBatting,98,run,10.90,7.27,21,56,1,112,2,165,3,218,7,49,1,11.33,84,5,13.5,119,8,20.00,,,Evening,
125,League Match,Mar 18,2010,Bangalore,Rajasthan,Bangalore,92,10,19.5,20,93,0,10.4,20,Bangalore,Chasing,10,wicket,4.64,8.72,56,27,0,45,3,78,4,92,10,52,0,2.73,90,0,0.3,,,,,,Evening,
126,League Match,Mar 19,2010,Delhi,Delhi,Chennai,185,6,20,20,190,5,19.1,20,Chennai,Chasing,5,wicket,9.25,9.91,5,50,1,89,1,139,4,185,6,50,1,9.06,102,2,8.4,153,3,6.60,190,5,Afternoon,
127,League Match,Mar 19,2010,Cuttack,Hyderabad,Punjab,170,7,20,20,164,8,20,20,Hyderabad,FirstBatting,6,run,8.50,8.20,0,53,1,100,1,125,4,170,7,22,3,9.93,57,4,11.4,98,6,14.60,164,8,Evening,
128,League Match,Mar 20,2010,Ahmedabad,Rajasthan,Kolkata,168,7,20,20,134,5,20,20,Rajasthan,FirstBatting,34,run,8.40,6.70,0,42,2,92,3,124,4,168,7,37,1,8.8,65,1,10.4,99,3,14.00,134,5,Afternoon,
129,League Match,Mar 20,2010,Mumbai (BS),Mumbai,Bangalore,151,9,20,20,155,3,19.1,20,Bangalore,Chasing,7,wicket,7.55,8.09,5,37,2,74,3,102,6,151,9,40,0,7.46,85,1,6.7,117,2,7.00,155,3,Evening,
130,League Match,Mar 21,2010,Cuttack,Hyderabad,Delhi,171,6,20,20,161,9,20,20,Hyderabad,FirstBatting,10,run,8.55,8.05,0,44,2,77,3,115,4,171,6,41,1,8.73,85,1,8.7,116,4,11.20,161,9,Afternoon,
131,League Match,Mar 21,2010,Chennai,Punjab,Chennai,136,8,20,20,136,7,20,20,Match tied,Match Tied,,,6.80,6.80,0,30,1,59,3,98,4,136,8,34,0,6.86,73,1,6.4,109,4,5.60,136,7,Evening,
132,League Match,Mar 22,2010,Mumbai (BS),Kolkata,Mumbai,155,3,20,20,156,3,18.3,20,Mumbai,Chasing,7,wicket,7.75,8.43,9,34,0,67,0,102,1,155,3,51,0,7,76,1,8,122,2,6.80,,,Evening,
133,League Match,Mar 23,2010,Bangalore,Bangalore,Chennai,171,5,20,20,135,7,20,20,Bangalore,FirstBatting,36,run,8.55,6.75,0,29,1,67,3,104,3,171,5,22,1,10,61,3,11.1,95,5,15.40,135,7,Evening,
134,League Match,Mar 24,2010,Mohali,Rajasthan,Punjab,183,5,20,20,152,10,19.1,20,Rajasthan,FirstBatting,31,run,9.15,7.93,5,49,1,87,2,133,3,183,5,59,1,8.33,102,2,8.2,127,6,11.40,152,10,Evening,
135,League Match,Mar 25,2010,Bangalore,Delhi,Bangalore,183,4,20,20,166,9,20,20,Delhi,FirstBatting,17,run,9.15,8.30,0,58,1,95,2,128,3,183,4,37,0,9.8,78,1,10.6,121,5,12.60,166,9,Afternoon,
136,League Match,Mar 25,2010,Mumbai (BS),Chennai,Mumbai,180,2,20,20,181,5,19,20,Mumbai,Chasing,5,wicket,9.00,9.53,6,38,2,85,2,126,2,180,2,50,0,8.73,98,2,8.3,133,3,9.60,,,Evening,
137,League Match,Mar 26,2010,Ahmedabad,Hyderabad,Rajasthan,148,9,20,20,151,2,15.4,20,Rajasthan,Chasing,8,wicket,7.40,9.64,26,42,2,79,4,108,6,148,9,51,0,6.53,95,1,5.4,139,2,2.00,,,Evening,
138,League Match,Mar 27,2010,Mohali,Kolkata,Punjab,183,5,20,20,144,6,20,20,Kolkata,FirstBatting,39,run,9.15,7.20,0,45,2,75,2,126,3,183,5,31,1,10.2,74,3,11,102,5,16.40,144,6,Evening,
139,League Match,Mar 28,2010,Ahmedabad,Rajasthan,Chennai,177,8,20,20,160,6,20,20,Rajasthan,FirstBatting,17,run,8.85,8.00,0,49,1,96,1,129,3,177,8,50,1,8.53,80,3,9.8,119,3,11.80,160,6,Afternoon,
140,League Match,Mar 28,2010,Mumbai,Mumbai,Hyderabad,172,7,20,20,131,10,17.4,20,Mumbai,FirstBatting,41,run,8.60,7.42,14,42,1,78,3,100,6,172,7,48,2,8.33,78,4,9.5,122,7,10.20,,,Evening,
141,League Match,Mar 29,2010,Delhi,Delhi,Kolkata,177,4,20,20,137,9,20,20,Delhi,FirstBatting,40,run,8.85,6.85,0,56,3,91,3,135,3,177,4,32,3,9.73,55,4,12.3,98,5,16.00,137,9,Evening,
142,League Match,Mar 30,2010,Mumbai (BS),Punjab,Mumbai,163,10,20,20,164,6,19.3,20,Mumbai,Chasing,4,wicket,8.15,8.41,3,41,2,85,2,118,4,163,10,37,0,8.46,82,2,8.2,118,3,9.20,164,6,Evening,
143,League Match,Mar 31,2010,Chennai,Bangalore,Chennai,161,4,20,20,162,5,18.5,20,Chennai,Chasing,5,wicket,8.05,8.60,7,33,1,80,2,117,2,161,4,47,0,7.66,89,1,7.3,125,2,7.40,,,Afternoon,
144,League Match,Mar 31,2010,Delhi,Delhi,Rajasthan,188,6,20,20,121,10,17.4,20,Delhi,FirstBatting,67,run,9.40,6.85,14,45,2,79,4,120,4,188,6,33,4,10.4,69,5,12,107,8,16.40,,,Evening,
145,League Match,Apr 1,2010,Kolkata,Kolkata,Hyderabad,181,6,20,20,157,5,20,20,Kolkata,FirstBatting,24,run,9.05,7.85,0,40,1,80,3,116,3,181,6,46,1,9.06,87,2,9.5,125,3,11.40,157,5,Evening,
146,League Match,Apr 2,2010,Mohali,Punjab,Bangalore,181,5,20,20,184,4,19.1,20,Bangalore,Chasing,6,wicket,9.05,9.60,5,36,1,74,2,119,3,181,5,40,1,9.46,77,2,10.5,122,2,12.00,184,4,Evening,
147,League Match,Apr 3,2010,Chennai,Chennai,Rajasthan,246,5,20,20,223,5,20,20,Chennai,FirstBatting,23,run,12.30,11.15,0,50,0,91,2,170,2,246,5,47,0,13.33,105,2,14.2,175,2,14.40,223,5,Afternoon,
148,League Match,Apr 3,2010,Mumbai (BS),Mumbai,Hyderabad,178,5,20,20,115,10,18.2,20,Mumbai,FirstBatting,63,run,8.90,6.27,10,47,0,70,3,114,3,178,5,36,1,9.53,68,3,11.1,98,6,16.20,,,Evening,
149,League Match,Apr 4,2010,Kolkata,Kolkata,Punjab,200,3,20,20,204,2,18.2,20,Punjab,Chasing,8,wicket,10.00,11.13,10,46,0,69,1,149,1,200,3,52,1,9.93,107,1,9.4,156,2,9.00,,,Afternoon,
150,League Match,Apr 4,2010,Delhi,Delhi,Bangalore,184,5,20,20,147,9,20,20,Delhi,FirstBatting,37,run,9.20,7.35,0,48,1,89,3,125,5,184,5,36,1,9.93,56,2,12.9,111,4,14.80,147,9,Evening,
151,League Match,Apr 5,2010,Nagpur,Rajasthan,Hyderabad,159,10,19.5,20,157,10,19.5,20,Rajasthan,FirstBatting,2,run,8.02,7.92,1,37,2,82,2,128,4,159,10,48,2,7.46,86,2,7.4,118,4,8.40,157,10,Evening,
152,League Match,Apr 6,2010,Chennai,Chennai,Mumbai,165,4,20,20,141,9,20,20,Chennai,FirstBatting,24,run,8.25,7.05,0,35,1,85,2,124,4,165,4,38,0,8.53,67,2,9.9,92,7,14.80,141,9,Evening,
153,League Match,Apr 7,2010,Jaipur,Punjab,Rajasthan,153,6,20,20,157,1,15,20,Rajasthan,Chasing,9,wicket,7.65,10.47,30,42,1,86,2,126,4,153,6,65,0,5.93,111,1,4.3,157,1,,,,Afternoon,
154,League Match,Apr 7,2010,Kolkata,Kolkata,Delhi,181,3,20,20,167,8,20,20,Kolkata,FirstBatting,14,run,9.05,8.35,0,41,0,88,0,126,3,181,3,39,1,9.53,91,1,9.1,135,4,9.40,167,8,Evening,
155,League Match,Apr 8,2010,Bangalore,Bangalore,Hyderabad,184,6,20,20,186,3,19.2,20,Hyderabad,Chasing,7,wicket,9.20,9.62,4,39,1,68,3,107,4,184,6,30,1,10.33,80,1,10.5,125,3,12.00,186,3,Evening,
156,League Match,Apr 9,2010,Mohali,Mumbai,Punjab,154,9,20,20,158,4,19.2,20,Punjab,Chasing,6,wicket,7.70,8.17,4,45,1,74,4,109,5,154,9,46,1,7.26,87,1,6.8,116,2,7.80,158,4,Evening,
157,League Match,Apr 10,2010,Nagpur,Chennai,Hyderabad,138,8,20,20,139,4,19.1,20,Hyderabad,Chasing,6,wicket,6.90,7.25,5,41,1,74,2,110,4,138,8,35,2,6.93,56,2,8.3,102,3,7.40,139,4,Afternoon,
158,League Match,Apr 10,2010,Bangalore,Kolkata,Bangalore,160,9,20,20,162,3,17.1,20,Bangalore,Chasing,7,wicket,8.00,9.44,17,51,0,83,1,124,4,160,9,33,1,8.53,76,1,8.5,120,3,8.20,,,Evening,
159,League Match,Apr 11,2010,Delhi,Delhi,Punjab,111,10,19.4,20,112,3,18.4,20,Punjab,Chasing,7,wicket,5.64,6.00,8,44,3,63,5,81,7,111,10,32,0,5.33,59,1,5.3,88,2,4.80,,,Afternoon,
160,League Match,Apr 11,2010,Jaipur,Mumbai,Rajasthan,174,5,20,20,137,8,20,20,Mumbai,FirstBatting,37,run,8.70,6.85,0,41,3,73,3,106,4,174,5,20,3,10.33,60,4,11.5,89,7,17.20,137,8,Evening,
161,League Match,Apr 12,2010,Nagpur,Hyderabad,Bangalore,151,6,20,20,138,10,19.4,20,Hyderabad,FirstBatting,13,run,7.55,7.02,2,28,3,71,3,111,4,151,6,32,1,8,72,1,8,102,4,10.00,138,10,Evening,
162,League Match,Apr 13,2010,Mumbai (BS),Mumbai,Delhi,183,4,20,20,144,7,20,20,Mumbai,FirstBatting,39,run,9.15,7.20,0,40,0,66,2,108,3,183,4,55,1,8.6,87,4,9.7,108,6,15.20,144,7,Afternoon,
163,League Match,Apr 13,2010,Chennai,Kolkata,Chennai,139,8,20,20,143,1,13.3,20,Chennai,Chasing,9,wicket,6.95,10.59,39,21,4,51,4,93,5,139,8,60,1,5.33,103,1,3.7,,,,,,Evening,
164,League Match,Apr 14,2010,Jaipur,Rajasthan,Bangalore,130,6,20,20,132,5,15.4,20,Bangalore,Chasing,5,wicket,6.50,8.43,26,24,3,53,3,87,6,130,6,42,2,5.93,91,2,4,124,5,1.40,,,Evening,
165,League Match,Apr 15,2010,Chennai,Chennai,Delhi,112,9,20,20,113,4,18.4,20,Delhi,Chasing,6,wicket,5.60,6.05,8,34,3,55,6,74,7,112,9,26,3,5.8,56,4,5.7,80,4,6.60,,,Evening,
166,League Match,Apr 16,2010,Dharamsala,Punjab,Hyderabad,174,3,20,20,178,5,19.1,20,Hyderabad,Chasing,5,wicket,8.70,9.29,5,34,1,72,1,98,2,174,3,37,1,9.2,82,2,9.3,131,4,8.80,178,5,Evening,
167,League Match,Apr 17,2010,Bangalore,Mumbai,Bangalore,191,4,20,20,134,9,20,20,Mumbai,FirstBatting,57,run,9.55,6.70,0,29,0,75,1,138,2,191,4,30,1,10.8,64,3,12.8,98,6,18.80,134,9,Afternoon,
168,League Match,Apr 17,2010,Kolkata,Rajasthan,Kolkata,132,9,20,20,133,2,16.1,20,Kolkata,Chasing,8,wicket,6.60,8.23,23,32,0,73,2,101,5,132,9,38,2,6.33,69,2,6.4,118,2,3.00,,,Evening,
169,League Match,Apr 18,2010,Dharamsala,Punjab,Chennai,192,3,20,20,195,4,19.4,20,Chennai,Chasing,6,wicket,9.60,9.92,2,43,1,86,1,131,3,192,3,37,2,10.4,94,3,9.9,130,3,12.60,195,4,Afternoon,
170,League Match,Apr 18,2010,Delhi,Hyderabad,Delhi,145,7,20,20,134,7,20,20,Hyderabad,FirstBatting,11,run,7.25,6.70,0,34,2,79,4,117,5,145,7,37,3,7.26,59,4,8.7,86,6,12.00,134,7,Evening,
171,League Match,Apr 19,2010,Kolkata,Mumbai,Kolkata,133,8,20,20,135,1,17.3,20,Kolkata,Chasing,9,wicket,6.65,7.71,15,29,2,69,2,86,4,133,8,41,0,6.2,72,0,6.2,107,1,5.40,,,Evening,
172,1st Semi-Final,Apr 21,2010,Mumbai,Mumbai,Bangalore,184,5,20,20,149,9,20,20,Mumbai,FirstBatting,35,run,9.20,7.45,0,39,2,81,4,107,4,184,5,41,1,9.6,83,4,10.2,118,7,13.40,149,9,Evening,
173,2nd Semi-Final,Apr 22,2010,Mumbai,Chennai,Hyderabad,142,7,20,20,104,10,19.2,20,Chennai,FirstBatting,38,run,7.10,5.38,4,31,3,62,3,96,5,142,7,19,0,8.26,43,3,10,81,5,12.40,104,10,Evening,
174,3rd Place Play-off,Apr 24,2010,Mumbai,Hyderabad,Bangalore,82,10,18.3,20,86,1,13.5,20,Bangalore,Chasing,9,wicket,4.43,6.22,37,20,3,43,5,78,5,82,10,26,0,3.8,53,1,3,,,,,,Evening,
175,Final,Apr 25,2010,Mumbai,Chennai,Mumbai,168,5,20,20,146,9,20,20,Chennai,FirstBatting,22,run,8.40,7.30,0,29,0,58,2,108,3,168,5,21,1,9.86,58,1,11.1,101,5,13.60,146,9,Evening,
176,League Match,Apr 8,2011,Chennai,Chennai,Kolkata,153,4,20,20,151,7,20,20,Chennai,FirstBatting,2,run,7.65,7.55,0,32,1,78,1,107,2,153,4,44,0,7.33,76,1,7.8,111,2,8.60,151,7,Evening,
177,League Match,Apr 9,2011,Hyderabad,Hyderabad,Rajasthan,137,8,20,20,141,2,18.5,20,Rajasthan,Chasing,8,wicket,6.85,7.49,7,40,1,69,3,90,5,137,8,29,0,7.26,60,1,7.8,93,2,9.00,,,Afternoon,
178,League Match,Apr 9,2011,Kochi,Kochi,Bangalore,161,5,20,20,162,4,18.4,20,Bangalore,Chasing,6,wicket,8.05,8.68,8,42,0,82,1,124,2,161,5,44,1,7.86,85,3,7.7,118,3,8.80,,,Evening,
179,League Match,Apr 10,2011,Delhi,Delhi,Mumbai,95,10,17.4,20,99,2,16.5,20,Mumbai,Chasing,8,wicket,5.38,5.88,19,27,3,53,4,87,6,95,10,22,1,4.93,48,2,4.8,85,2,2.20,,,Afternoon,
180,League Match,Apr 10,2011,Mumbai,Punjab,Pune,112,8,20,20,113,3,13.1,20,Pune,Chasing,7,wicket,5.60,8.58,41,26,4,46,6,68,6,112,8,32,1,5.4,74,3,3.9,,,,,,Evening,
181,League Match,Apr 11,2011,Kolkata,Kolkata,Hyderabad,163,4,20,20,154,8,20,20,Kolkata,FirstBatting,9,run,8.15,7.70,0,34,0,65,1,118,2,163,4,23,2,9.4,62,3,10.2,101,5,12.60,154,8,Evening,
182,League Match,Apr 12,2011,Jaipur,Delhi,Rajasthan,151,6,20,20,152,4,18.3,20,Rajasthan,Chasing,6,wicket,7.55,8.22,9,30,2,43,4,89,4,151,6,43,1,7.26,86,2,6.6,121,3,6.20,,,Afternoon,
183,League Match,Apr 12,2011,Bangalore,Bangalore,Mumbai,140,4,20,20,143,1,18.3,20,Mumbai,Chasing,9,wicket,7.00,7.73,9,20,2,50,2,91,2,140,4,33,1,7.2,78,1,6.3,116,1,5.00,,,Evening,
184,League Match,Apr 13,2011,Mohali,Chennai,Punjab,188,4,20,20,193,4,19.1,20,Punjab,Chasing,6,wicket,9.40,10.07,5,27,2,67,2,126,3,188,4,49,0,9.33,99,1,9,138,4,10.20,193,4,Afternoon,
185,League Match,Apr 13,2011,Mumbai,Kochi,Pune,148,8,20,20,151,6,18.5,20,Pune,Chasing,4,wicket,7.40,8.02,7,24,4,65,4,111,4,148,8,37,1,7.46,61,3,8.8,115,5,6.80,,,Evening,
186,League Match,Apr 14,2011,Hyderabad,Hyderabad,Bangalore,175,5,20,20,142,9,20,20,Hyderabad,FirstBatting,33,run,8.75,7.10,0,34,1,73,2,114,3,175,5,27,3,9.93,53,4,12.3,92,5,16.80,142,9,Evening,
187,League Match,Apr 15,2011,Jaipur,Rajasthan,Kolkata,159,4,20,20,160,1,18.3,20,Kolkata,Chasing,9,wicket,7.95,8.65,9,29,1,67,1,102,3,159,4,44,1,7.73,90,1,7,130,1,6.00,,,Afternoon,
188,League Match,Apr 15,2011,Mumbai,Mumbai,Kochi,182,2,20,20,184,2,19,20,Kochi,Chasing,8,wicket,9.10,9.68,6,35,0,71,1,125,1,182,2,32,0,10.06,84,0,9.9,134,1,9.80,,,Evening,
189,League Match,Apr 16,2011,Chennai,Chennai,Bangalore,183,5,20,20,162,7,20,20,Chennai,FirstBatting,21,run,9.15,8.10,0,33,0,80,1,126,2,183,5,31,3,10.2,67,3,11.7,112,5,14.40,162,7,Afternoon,
190,League Match,Apr 16,2011,Hyderabad,Hyderabad,Punjab,165,8,20,20,166,2,17.4,20,Punjab,Chasing,8,wicket,8.25,9.40,14,38,1,81,1,113,4,165,8,59,0,7.13,104,0,6.2,139,1,5.40,,,Evening,
191,League Match,Apr 17,2011,Mumbai,Pune,Delhi,187,5,20,20,190,7,19.2,20,Delhi,Chasing,3,wicket,9.35,9.83,4,42,1,98,3,128,4,187,5,52,0,9.06,98,2,9,128,5,12.00,190,7,Afternoon,
192,League Match,Apr 17,2011,Kolkata,Rajasthan,Kolkata,81,10,15.2,20,85,2,13.5,20,Kolkata,Chasing,8,wicket,5.28,6.14,37,28,2,61,4,80,9,81,10,23,1,3.93,45,2,3.7,,,,,,Evening,
193,League Match,Apr 18,2011,Kochi,Chennai,Kochi,131,4,17,17,135,3,15,17,Kochi,Chasing,7,wicket,7.71,9.00,12,32,1,72,2,109,3,,,40,1,8,90,1,6.57,135,3,0.50,,,Evening,
194,League Match,Apr 19,2011,Delhi,Hyderabad,Delhi,168,4,20,20,152,7,20,20,Hyderabad,FirstBatting,16,run,8.40,7.60,0,36,1,90,1,129,3,168,4,33,2,9.06,78,3,9.1,107,5,12.40,152,7,Evening,
195,League Match,Apr 20,2011,Mumbai,Pune,Mumbai,118,10,17.2,20,124,3,20,20,Mumbai,Chasing,7,wicket,6.81,6.20,0,23,4,60,5,100,7,118,10,27,1,6.13,63,1,5.6,89,3,6.00,124,3,Afternoon,
196,League Match,Apr 20,2011,Kolkata,Kochi,Kolkata,132,7,20,20,126,9,20,20,Kochi,FirstBatting,6,run,6.60,6.30,0,38,0,55,3,100,5,132,7,28,2,7,59,3,7.4,86,5,9.40,126,9,Evening,
197,League Match,Apr 21,2011,Mohali,Punjab,Rajasthan,195,7,20,20,147,7,20,20,Punjab,FirstBatting,48,run,9.75,7.35,0,73,1,106,2,169,2,195,7,38,2,10.53,61,4,13.5,113,5,16.60,147,7,Evening,
198,League Match,Apr 22,2011,Kolkata,Kolkata,Bangalore,171,5,20,20,175,1,18.1,20,Bangalore,Chasing,9,wicket,8.55,9.63,11,44,1,76,1,114,2,171,5,46,0,8.4,92,0,8,152,1,4.00,,,Afternoon,
199,League Match,Apr 22,2011,Mumbai,Mumbai,Chennai,164,4,20,20,156,9,20,20,Mumbai,FirstBatting,8,run,8.20,7.80,0,31,2,67,2,107,3,164,4,38,2,8.46,84,2,8.1,119,4,9.20,156,9,Evening,
200,League Match,Apr 23,2011,Delhi,Delhi,Punjab,231,4,20,20,202,6,20,20,Delhi,FirstBatting,29,run,11.55,10.10,0,52,0,115,0,173,2,231,4,34,1,13.2,96,1,13.6,147,3,17.00,202,6,Evening,
201,League Match,Apr 24,2011,Hyderabad,Mumbai,Hyderabad,172,4,20,20,135,8,20,20,Mumbai,FirstBatting,37,run,8.60,6.75,0,47,0,72,4,102,4,172,4,39,1,8.93,72,4,10.1,100,6,14.60,135,8,Afternoon,
202,League Match,Apr 24,2011,Jaipur,Kochi,Rajasthan,109,10,20,20,111,2,14.1,20,Rajasthan,Chasing,8,wicket,5.45,7.84,35,29,2,54,3,88,3,109,10,33,0,5.13,68,0,4.2,111,2,,,,Evening,
203,League Match,Apr 25,2011,Chennai,Chennai,Pune,142,6,20,20,117,9,20,20,Chennai,FirstBatting,25,run,7.10,5.85,0,35,0,66,2,99,2,142,6,40,3,6.86,58,4,8.5,93,5,10.00,117,9,Evening,
204,League Match,Apr 26,2011,Delhi,Delhi,Bangalore,160,6,20,20,161,7,19.3,20,Bangalore,Chasing,3,wicket,8.00,8.26,3,34,1,69,3,115,3,160,6,62,1,6.6,97,4,6.4,117,5,8.80,161,7,Evening,
205,League Match,Apr 27,2011,Mumbai,Pune,Chennai,141,6,20,20,145,2,19.3,20,Chennai,Chasing,8,wicket,7.05,7.44,3,27,2,54,4,91,5,141,6,19,1,8.2,65,1,7.7,104,2,7.60,145,2,Afternoon,
206,League Match,Apr 27,2011,Kochi,Hyderabad,Kochi,129,7,20,20,74,10,16.3,20,Hyderabad,FirstBatting,55,run,6.45,4.48,21,19,2,37,3,90,3,129,7,23,6,7.13,45,6,8.5,73,7,11.40,,,Evening,
207,League Match,Apr 28,2011,Delhi,Kolkata,Delhi,148,7,20,20,131,9,20,20,Kolkata,FirstBatting,17,run,7.40,6.55,0,34,1,64,2,105,5,148,7,34,1,7.66,60,2,8.9,86,6,12.60,131,9,Evening,
208,League Match,Apr 29,2011,Jaipur,Mumbai,Rajasthan,94,8,20,20,95,3,18.1,20,Rajasthan,Chasing,7,wicket,4.70,5.23,11,29,2,50,4,67,4,94,8,17,1,5.2,46,1,4.9,73,2,4.40,,,Afternoon,
209,League Match,Apr 29,2011,Bangalore,Bangalore,Pune,181,5,20,20,155,5,20,20,Bangalore,FirstBatting,26,run,9.05,7.75,0,40,0,78,2,118,2,181,5,35,0,9.8,63,1,11.9,108,3,14.80,155,5,Evening,
210,League Match,Apr 30,2011,Kochi,Delhi,Kochi,157,7,20,20,119,10,18.5,20,Delhi,FirstBatting,38,run,7.85,6.32,7,31,2,46,3,94,4,157,7,29,3,8.6,51,4,10.7,92,5,13.20,,,Afternoon,
211,League Match,Apr 30,2011,Kolkata,Punjab,Kolkata,119,6,20,20,120,2,17.2,20,Kolkata,Chasing,8,wicket,5.95,6.92,16,35,1,55,4,86,5,119,6,40,2,5.33,71,2,4.9,102,2,3.60,,,Evening,
212,League Match,May 1,2011,Jaipur,Pune,Rajasthan,143,7,20,20,144,4,19.3,20,Rajasthan,Chasing,6,wicket,7.15,7.38,3,37,1,77,2,102,4,143,7,29,1,7.66,59,2,8.5,92,4,10.40,144,4,Afternoon,
213,League Match,May 1,2011,Chennai,Chennai,Hyderabad,165,5,20,20,146,8,20,20,Chennai,FirstBatting,19,run,8.25,7.30,0,26,1,58,1,96,2,165,5,57,0,7.26,88,1,7.8,118,3,9.60,146,8,Evening,
214,League Match,May 2,2011,Mumbai,Mumbai,Punjab,159,5,20,20,136,8,20,20,Mumbai,FirstBatting,23,run,7.95,6.80,0,24,1,67,1,114,2,159,5,18,1,9.46,62,1,9.8,101,4,11.80,136,8,Afternoon,
215,League Match,May 2,2011,Delhi,Delhi,Kochi,140,6,20,20,141,3,15,20,Kochi,Chasing,7,wicket,7.00,9.40,30,38,1,62,3,98,4,140,6,61,0,5.33,89,3,5.2,141,3,,,,Evening,
216,League Match,May 3,2011,Hyderabad,Kolkata,Hyderabad,169,4,20,20,149,6,20,20,Kolkata,FirstBatting,20,run,8.45,7.45,0,35,0,73,1,110,3,169,4,38,0,8.8,68,2,10.2,108,4,12.40,149,6,Evening,
217,League Match,May 4,2011,Chennai,Rajasthan,Chennai,147,6,20,20,149,2,18.4,20,Chennai,Chasing,8,wicket,7.35,7.98,8,36,0,86,0,113,3,147,6,39,1,7.26,73,1,7.5,118,1,6.00,,,Afternoon,
218,League Match,May 4,2011,Mumbai,Mumbai,Pune,160,7,20,20,139,7,20,20,Mumbai,FirstBatting,21,run,8.00,6.95,0,35,1,65,2,97,4,160,7,27,2,8.93,48,3,11.3,90,4,14.20,139,7,Evening,
219,League Match,May 5,2011,Kochi,Kochi,Kolkata,156,5,20,20,139,7,20,20,Kochi,FirstBatting,17,run,7.80,6.95,0,30,1,69,2,98,4,156,5,40,0,7.8,69,0,8.8,100,3,11.40,139,7,Afternoon,
220,League Match,May 5,2011,Hyderabad,Hyderabad,Delhi,175,5,20,20,179,6,19,20,Delhi,Chasing,4,wicket,8.75,9.42,6,30,1,67,2,125,3,175,5,24,2,10.13,85,3,9.1,149,4,5.40,,,Evening,
221,League Match,May 6,2011,Bangalore,Bangalore,Punjab,205,6,20,20,120,9,20,20,Bangalore,FirstBatting,85,run,10.25,6.00,0,47,1,103,1,155,3,205,6,33,3,11.53,62,6,14.4,89,7,23.40,120,9,Evening,
222,League Match,May 7,2011,Kolkata,Chennai,Kolkata,114,4,20,20,61,2,10,10,Kolkata,Chasing,10,run,5.70,6.10,0,12,1,40,2,77,3,114,4,31,1,5.6,61,2,5.4,,,,,,Afternoon,D/L
223,League Match,May 7,2011,Mumbai,Mumbai,Delhi,178,4,20,20,146,10,19.5,20,Mumbai,FirstBatting,32,run,8.90,7.36,1,50,0,76,2,129,2,178,4,13,4,11.06,56,4,12.3,99,5,16.00,146,10,Evening,
224,League Match,May 8,2011,Bangalore,Kochi,Bangalore,125,9,20,20,128,1,13.1,20,Bangalore,Chasing,9,wicket,6.25,9.72,41,41,0,72,3,97,5,125,9,72,1,3.6,109,1,1.7,,,,,,Afternoon,
225,League Match,May 8,2011,Mohali,Punjab,Pune,119,8,20,20,120,5,17.1,20,Pune,Chasing,5,wicket,5.95,6.99,17,29,1,71,2,96,4,119,8,32,1,5.86,69,2,5.1,114,3,1.20,,,Evening,
226,League Match,May 9,2011,Jaipur,Chennai,Rajasthan,196,3,20,20,133,10,19.3,20,Chennai,FirstBatting,63,run,9.80,6.82,3,47,0,84,1,136,2,196,3,38,1,10.6,70,4,12.7,114,5,16.60,133,10,Evening,
227,League Match,May 10,2011,Hyderabad,Hyderabad,Pune,136,8,20,20,137,4,18.2,20,Pune,Chasing,6,wicket,6.80,7.47,10,39,0,72,2,100,4,136,8,43,0,6.26,82,1,5.5,112,3,5.00,,,Afternoon,
228,League Match,May 10,2011,Mohali,Punjab,Mumbai,163,8,20,20,87,10,12.5,20,Punjab,FirstBatting,76,run,8.15,6.78,43,30,1,86,1,124,2,163,8,28,3,9.06,63,6,10.1,,,,,,Evening,
229,League Match,May 11,2011,Jaipur,Rajasthan,Bangalore,146,6,20,20,151,1,17,20,Bangalore,Chasing,9,wicket,7.30,8.88,18,32,0,74,2,112,3,146,6,50,0,6.46,90,1,5.7,126,1,4.20,,,Evening,
230,League Match,May 12,2011,Chennai,Chennai,Delhi,176,4,20,20,158,6,20,20,Chennai,FirstBatting,18,run,8.80,7.90,0,39,1,67,2,105,3,176,4,46,1,8.73,65,3,11.2,107,3,14.00,158,6,Evening,
231,League Match,May 13,2011,Indore,Kochi,Punjab,178,7,20,20,181,4,18.5,20,Punjab,Chasing,6,wicket,8.90,9.61,7,46,0,103,1,130,3,178,7,35,2,9.6,84,2,9.5,145,4,6.80,,,Evening,
232,League Match,May 14,2011,Bangalore,Kolkata,Bangalore,89,4,13,13,105,6,12.3,13,Bangalore,Chasing,4,wicket,6.85,8.40,3,26,2,58,3,,,,,58,1,5.62,89,3,4.33,,,,,,Afternoon,
233,League Match,May 14,2011,Mumbai,Hyderabad,Mumbai,135,6,20,20,125,8,20,20,Hyderabad,FirstBatting,10,run,6.75,6.25,0,23,1,53,3,82,5,135,6,24,2,7.46,49,3,8.7,76,4,12.00,125,8,Evening,
234,League Match,May 15,2011,Dharamsala,Punjab,Delhi,170,6,20,20,141,8,20,20,Punjab,FirstBatting,29,run,8.50,7.05,0,33,1,70,1,126,3,170,6,25,0,9.73,67,2,10.4,97,5,14.80,141,8,Afternoon,
235,League Match,May 15,2011,Indore,Rajasthan,Kochi,97,10,18.3,20,98,2,7.2,20,Kochi,Chasing,8,wicket,5.24,13.36,76,22,2,69,5,87,8,97,10,73,2,1.66,,,,,,,,,Evening,
236,League Match,May 16,2011,Mumbai,Pune,Hyderabad,136,9,20,20,138,4,19.2,20,Hyderabad,Chasing,6,wicket,6.80,7.14,4,35,1,62,5,92,7,136,9,40,0,6.46,78,2,5.9,108,2,5.80,138,4,Evening,
237,League Match,May 17,2011,Dharamsala,Punjab,Bangalore,232,2,20,20,121,10,17,20,Punjab,FirstBatting,111,run,11.60,7.12,18,29,1,99,1,173,1,232,2,27,2,13.73,69,4,16.4,97,8,27.20,,,Evening,
238,League Match,May 18,2011,Chennai,Chennai,Kochi,152,5,20,20,141,5,20,20,Chennai,FirstBatting,11,run,7.60,7.05,0,24,1,64,3,101,4,152,5,29,1,8.26,63,2,9,90,3,12.60,141,5,Evening,
239,League Match,May 19,2011,Mumbai,Pune,Kolkata,118,7,20,20,119,3,16.4,20,Kolkata,Chasing,7,wicket,5.90,7.14,20,25,2,54,3,81,5,118,7,43,1,5.06,74,2,4.5,114,2,1.00,,,Evening,
240,League Match,May 20,2011,Mumbai,Mumbai,Rajasthan,133,5,20,20,134,0,13.1,20,Rajasthan,Chasing,10,wicket,6.65,10.18,41,20,2,55,2,94,3,133,5,37,0,6.46,97,0,3.7,,,,,,Evening,
241,League Match,May 21,2011,Dharamsala,Hyderabad,Punjab,198,2,20,20,116,10,19,20,Hyderabad,FirstBatting,82,run,9.90,6.11,6,47,0,85,0,147,1,198,2,36,2,10.86,77,2,12.2,99,5,20.00,,,Evening,
242,League Match,May 22,2011,Bangalore,Chennai,Bangalore,128,8,20,20,129,2,18,20,Bangalore,Chasing,8,wicket,6.40,7.17,12,17,3,36,4,79,5,128,8,34,1,6.33,80,2,4.9,104,2,5.00,,,Afternoon,
243,League Match,May 22,2011,Kolkata,Kolkata,Mumbai,175,7,20,20,178,5,20,20,Mumbai,Chasing,5,wicket,8.75,8.90,0,44,2,81,3,121,3,175,7,36,1,9.33,84,2,9.2,110,4,13.20,178,5,Evening,
244,1st Qualifying Final,May 24,2011,Mumbai,Bangalore,Chennai,175,4,20,20,177,4,19.4,20,Chennai,Chasing,6,wicket,8.75,9.00,2,39,1,73,2,122,3,175,4,24,2,10.13,62,2,11.4,110,3,13.20,177,4,Evening,
245,Elimination Final,May 25,2011,Mumbai,Kolkata,Mumbai,147,7,20,20,148,6,19.2,20,Mumbai,Chasing,4,wicket,7.35,7.66,4,19,3,49,4,102,5,147,7,51,0,6.46,87,2,6.1,120,4,5.60,148,6,Evening,
246,2nd Qualifying Final,May 27,2011,Chennai,Bangalore,Mumbai,185,4,20,20,142,8,20,20,Bangalore,FirstBatting,43,run,9.25,7.10,0,67,0,111,0,150,2,185,4,41,1,9.66,80,3,10.6,103,7,16.60,142,8,Evening,
247,Final,May 28,2011,Chennai,Chennai,Bangalore,205,5,20,20,147,8,20,20,Chennai,FirstBatting,58,run,10.25,7.35,0,48,0,94,0,161,1,205,5,38,2,11.2,69,5,13.7,107,7,19.80,147,8,Evening,
248,League Match,Apr 4,2012,Chennai,Chennai,Mumbai,112,10,19.5,20,115,2,16.5,20,Mumbai,Chasing,8,wicket,5.65,6.83,19,34,1,75,3,95,5,112,10,37,0,5.06,76,2,3.7,100,2,2.60,,,Evening,
249,League Match,Apr 5,2012,Kolkata,Kolkata,Delhi,97,9,12,12,100,2,11.1,12,Delhi,Chasing,8,wicket,8.08,8.96,5,34,4,85,6,,,,,39,0,8.42,87,2,5.5,,,,,,Evening,
250,League Match,Apr 6,2012,Mumbai,Pune,Mumbai,129,9,20,20,101,9,20,20,Pune,FirstBatting,28,run,6.45,5.05,0,27,3,51,4,91,4,129,9,21,3,7.26,48,3,8.2,74,5,11.20,101,9,Afternoon,
251,League Match,Apr 6,2012,Jaipur,Rajasthan,Punjab,191,4,20,20,160,9,20,20,Rajasthan,FirstBatting,31,run,9.55,8.00,0,48,0,82,1,127,2,191,4,40,1,10.13,73,4,11.9,117,5,15.00,160,9,Evening,
252,League Match,Apr 7,2012,Bangalore,Bangalore,Delhi,157,8,20,20,137,7,20,20,Bangalore,FirstBatting,20,run,7.85,6.85,0,41,1,69,4,108,6,157,8,40,1,7.86,68,3,9,91,5,13.40,137,7,Afternoon,
253,League Match,Apr 7,2012,Visakhapatnam,Chennai,Hyderabad,193,6,20,20,119,10,17.1,20,Chennai,FirstBatting,74,run,9.65,6.93,17,38,1,75,3,121,5,193,6,35,1,10.6,73,2,12.1,101,8,18.60,,,Evening,
254,League Match,Apr 8,2012,Jaipur,Rajasthan,Kolkata,164,5,20,20,142,10,20,20,Rajasthan,FirstBatting,22,run,8.20,7.10,0,29,1,68,3,116,3,164,5,23,3,9.46,65,4,10,94,7,14.20,142,10,Afternoon,
255,League Match,Apr 8,2012,Pune,Pune,Punjab,166,6,20,20,144,8,20,20,Pune,FirstBatting,22,run,8.30,7.20,0,36,2,71,2,113,3,166,6,13,2,10.26,53,3,11.4,99,5,13.60,144,8,Evening,
256,League Match,Apr 9,2012,Visakhapatnam,Hyderabad,Mumbai,138,9,20,20,142,5,20,20,Mumbai,Chasing,5,wicket,6.90,7.10,0,27,2,61,3,96,4,138,9,15,2,8.26,49,2,9,85,3,10.80,142,5,Evening,
257,League Match,Apr 10,2012,Bangalore,Kolkata,Bangalore,165,8,20,20,123,9,20,20,Kolkata,FirstBatting,42,run,8.25,6.15,0,47,0,92,1,128,3,165,8,20,2,9.73,43,5,12.3,81,7,17.00,123,9,Afternoon,
258,League Match,Apr 10,2012,Delhi,Chennai,Delhi,110,8,20,20,111,2,13.2,20,Delhi,Chasing,8,wicket,5.50,8.33,40,35,2,66,4,80,5,110,8,44,1,4.46,79,2,3.2,,,,,,Evening,
259,League Match,Apr 11,2012,Mumbai,Mumbai,Rajasthan,197,6,20,20,170,10,19.4,20,Mumbai,FirstBatting,27,run,9.85,8.64,2,44,1,80,3,137,3,197,6,35,2,10.86,79,2,11.9,136,5,12.40,170,10,Evening,
260,League Match,Apr 12,2012,Chennai,Bangalore,Chennai,205,8,20,20,208,5,20,20,Chennai,Chasing,5,wicket,10.25,10.40,0,51,0,96,1,149,1,205,8,32,0,11.6,85,1,12.1,131,3,15.00,208,5,Afternoon,
261,League Match,Apr 12,2012,Mohali,Pune,Punjab,115,10,19,20,116,3,17.4,20,Punjab,Chasing,7,wicket,6.05,6.57,14,28,1,62,4,96,5,115,10,28,1,5.86,60,2,5.6,88,3,5.60,,,Evening,
262,League Match,Apr 13,2012,Kolkata,Rajasthan,Kolkata,131,5,20,20,137,5,19.2,20,Kolkata,Chasing,5,wicket,6.55,7.09,4,33,0,58,3,85,3,131,5,26,1,7.06,68,1,6.4,95,3,7.40,137,5,Evening,
263,League Match,Apr 14,2012,Pune,Chennai,Pune,155,5,20,20,156,3,19.2,20,Pune,Chasing,7,wicket,7.75,8.07,4,39,0,71,2,114,3,155,5,48,1,7.2,72,2,8.4,106,3,10.00,156,3,Evening,
264,League Match,Apr 15,2012,Kolkata,Punjab,Kolkata,134,9,20,20,132,7,20,20,Punjab,FirstBatting,2,run,6.70,6.60,0,24,2,60,2,87,4,134,9,41,2,6.26,70,2,6.5,94,6,8.20,132,7,Afternoon,
265,League Match,Apr 15,2012,Bangalore,Rajasthan,Bangalore,195,2,20,20,136,10,19.5,20,Rajasthan,FirstBatting,59,run,9.75,6.86,1,34,0,61,0,113,1,195,2,42,2,10.26,76,3,12,105,6,18.20,136,10,Evening,
266,League Match,Apr 16,2012,Mumbai,Mumbai,Delhi,92,10,19.2,20,93,3,14.5,20,Delhi,Chasing,7,wicket,4.76,6.27,31,16,2,43,5,79,7,92,10,34,0,3.93,58,2,3.5,93,3,,,,Evening,
267,League Match,Apr 17,2012,Jaipur,Hyderabad,Rajasthan,196,2,20,20,197,5,19.4,20,Rajasthan,Chasing,5,wicket,9.80,10.02,2,49,0,83,0,119,2,196,2,50,0,9.8,89,1,10.8,134,3,12.60,197,5,Afternoon,
268,League Match,Apr 17,2012,Bangalore,Pune,Bangalore,182,6,20,20,186,4,20,20,Bangalore,Chasing,6,wicket,9.10,9.30,0,48,0,96,1,134,3,182,6,40,1,9.53,63,2,12,117,3,13.20,186,4,Evening,
269,League Match,Apr 18,2012,Mohali,Punjab,Kolkata,124,7,20,20,127,2,16.3,20,Kolkata,Chasing,8,wicket,6.20,7.70,21,34,1,63,2,89,4,124,7,47,0,5.2,75,2,5,107,2,3.60,,,Evening,
270,League Match,Apr 19,2012,Delhi,Hyderabad,Delhi,157,8,20,20,162,5,19.1,20,Delhi,Chasing,5,wicket,7.85,8.45,5,35,1,84,2,120,4,157,8,27,3,8.73,71,4,8.7,115,5,8.60,162,5,Afternoon,
271,League Match,Apr 19,2012,Chennai,Chennai,Pune,164,5,20,20,151,7,20,20,Chennai,FirstBatting,13,run,8.20,7.55,0,28,0,68,0,115,0,164,5,35,2,8.66,65,4,10,107,5,11.60,151,7,Evening,
272,League Match,Apr 20,2012,Mohali,Punjab,Bangalore,163,6,20,20,166,5,19.3,20,Bangalore,Chasing,5,wicket,8.15,8.51,3,27,2,70,3,105,5,163,6,25,2,9.26,72,3,9.2,116,3,9.60,166,5,Evening,
273,League Match,Apr 21,2012,Chennai,Rajasthan,Chennai,146,4,20,20,147,3,20,20,Chennai,Chasing,7,wicket,7.30,7.35,0,36,1,62,2,107,2,146,4,40,0,7.13,70,1,7.7,104,1,8.60,147,3,Afternoon,
274,League Match,Apr 21,2012,Delhi,Pune,Delhi,192,3,20,20,172,7,20,20,Pune,FirstBatting,20,run,9.60,8.60,0,34,1,88,1,125,2,192,3,29,1,10.93,92,2,10.1,131,5,12.40,172,7,Evening,
275,League Match,Apr 22,2012,Mumbai,Mumbai,Punjab,163,6,20,20,164,4,19.3,20,Punjab,Chasing,6,wicket,8.15,8.41,3,28,0,58,2,129,2,163,6,42,0,8.13,75,2,8.9,119,2,9.00,164,4,Afternoon,
276,League Match,Apr 22,2012,Cuttack,Hyderabad,Kolkata,126,7,20,20,127,5,19,20,Kolkata,Chasing,5,wicket,6.30,6.68,6,35,0,67,1,98,3,126,7,32,1,6.33,65,3,6.2,97,4,6.00,127,5,Evening,
277,League Match,Apr 23,2012,Jaipur,Bangalore,Rajasthan,189,3,20,20,143,7,20,20,Bangalore,FirstBatting,46,run,9.45,7.15,0,27,1,62,2,107,3,189,3,35,0,10.33,67,1,12.3,103,5,17.40,143,7,Evening,
278,League Match,Apr 24,2012,Pune,Pune,Delhi,146,2,20,20,148,2,16,20,Delhi,Chasing,8,wicket,7.30,9.25,24,18,2,50,2,95,2,146,2,46,1,6.73,99,1,4.8,134,2,2.60,,,Evening,
279,League Match,Apr 25,2012,Mohali,Punjab,Mumbai,168,3,20,20,171,6,19.5,20,Mumbai,Chasing,4,wicket,8.40,8.62,1,35,0,56,2,100,3,168,3,29,0,9.33,64,2,10.5,106,4,12.60,171,6,Evening,
280,League Match,Apr 26,2012,Pune,Hyderabad,Pune,177,4,20,20,159,7,20,20,Hyderabad,FirstBatting,18,run,8.85,7.95,0,48,1,71,2,122,3,177,4,39,1,9.26,73,3,10.5,101,5,15.40,159,7,Evening,
281,League Match,Apr 27,2012,Delhi,Delhi,Mumbai,207,5,20,20,170,9,20,20,Delhi,FirstBatting,37,run,10.35,8.50,0,40,0,88,0,153,1,207,5,36,3,11.46,88,3,12,139,4,13.80,170,9,Evening,
282,League Match,Apr 28,2012,Chennai,Punjab,Chennai,156,8,20,20,149,8,20,20,Punjab,FirstBatting,7,run,7.80,7.45,0,38,0,77,1,121,2,156,8,45,0,7.46,69,2,8.8,99,6,11.60,149,8,Afternoon,
283,League Match,Apr 28,2012,Kolkata,Kolkata,Bangalore,190,4,20,20,143,6,20,20,Kolkata,FirstBatting,47,run,9.50,7.15,0,40,0,87,0,134,1,190,4,32,1,10.6,56,3,13.5,87,4,20.80,143,6,Evening,
284,League Match,Apr 29,2012,Delhi,Delhi,Rajasthan,152,6,20,20,151,3,20,20,Delhi,FirstBatting,1,run,7.60,7.55,0,35,2,73,2,105,4,152,6,30,0,8.2,67,0,8.6,108,1,9.00,151,3,Afternoon,
285,League Match,Apr 29,2012,Mumbai,Hyderabad,Mumbai,100,10,18.4,20,101,5,18.1,20,Mumbai,Chasing,5,wicket,5.36,5.56,11,36,0,51,3,82,6,100,10,27,1,4.93,52,3,4.9,77,4,4.80,,,Evening,
286,League Match,Apr 30,2012,Chennai,Chennai,Kolkata,139,5,20,20,140,5,19.4,20,Kolkata,Chasing,5,wicket,6.95,7.12,2,32,2,74,2,98,4,139,5,31,1,7.26,68,1,7.2,103,2,7.40,140,5,Evening,
287,League Match,May 1,2012,Cuttack,Hyderabad,Pune,186,4,20,20,173,5,20,20,Hyderabad,FirstBatting,13,run,9.30,8.65,0,26,2,58,2,110,2,186,4,31,1,10.4,75,1,11.2,116,3,14.20,173,5,Afternoon,
288,League Match,May 1,2012,Jaipur,Rajasthan,Delhi,141,6,20,20,144,4,15.2,20,Delhi,Chasing,6,wicket,7.05,9.39,28,50,0,80,1,104,5,141,6,51,1,6.06,96,1,4.6,134,4,1.60,,,Evening,
289,League Match,May 2,2012,Bangalore,Bangalore,Punjab,158,5,20,20,163,6,19.5,20,Punjab,Chasing,4,wicket,7.90,8.22,1,25,1,59,1,122,1,158,5,44,1,7.66,80,2,7.9,132,2,5.40,163,6,Evening,
290,League Match,May 3,2012,Pune,Mumbai,Pune,120,9,20,20,119,6,20,20,Mumbai,FirstBatting,1,run,6.00,5.95,0,28,0,72,2,92,5,120,9,31,1,6,47,4,7.4,76,4,9.00,119,6,Evening,
291,League Match,May 4,2012,Chennai,Chennai,Hyderabad,160,6,20,20,150,5,20,20,Chennai,FirstBatting,10,run,8.00,7.50,0,47,1,82,2,124,4,160,6,40,1,8.06,76,1,8.5,102,3,11.80,150,5,Evening,
292,League Match,May 5,2012,Kolkata,Kolkata,Pune,150,5,20,20,143,8,20,20,Kolkata,FirstBatting,7,run,7.50,7.15,0,49,0,98,0,121,2,150,5,35,2,7.73,66,5,8.5,109,5,8.40,143,8,Afternoon,
293,League Match,May 5,2012,Mohali,Rajasthan,Punjab,177,6,20,20,134,8,20,20,Rajasthan,FirstBatting,43,run,8.85,6.70,0,45,1,94,2,126,3,177,6,27,1,10.06,65,4,11.3,97,5,16.20,134,8,Evening,
294,League Match,May 6,2012,Mumbai,Chennai,Mumbai,173,8,20,20,174,8,20,20,Mumbai,Chasing,2,wicket,8.65,8.70,0,46,0,72,2,123,3,173,8,38,1,9.06,74,1,10,131,1,8.60,174,8,Afternoon,
295,League Match,May 6,2012,Bangalore,Hyderabad,Bangalore,181,2,20,20,185,5,18.5,20,Bangalore,Chasing,5,wicket,9.05,9.82,7,39,0,74,0,117,1,181,2,36,0,9.73,83,0,9.9,113,3,13.80,,,Evening,
296,League Match,May 7,2012,Delhi,Delhi,Kolkata,153,9,20,20,154,4,18.4,20,Kolkata,Chasing,6,wicket,7.65,8.25,8,43,1,79,2,108,4,153,9,50,0,6.93,80,1,7.4,128,1,5.20,,,Evening,
297,League Match,May 8,2012,Pune,Pune,Rajasthan,125,6,20,20,126,3,16.2,20,Rajasthan,Chasing,7,wicket,6.25,7.71,22,28,0,56,2,91,4,125,6,41,1,5.66,79,2,4.7,112,3,2.80,,,Afternoon,
298,League Match,May 8,2012,Hyderabad,Punjab,Hyderabad,170,5,20,20,145,8,20,20,Punjab,FirstBatting,25,run,8.50,7.25,0,42,0,86,2,129,3,170,5,31,2,9.33,70,2,10.1,99,5,14.40,145,8,Evening,
299,League Match,May 9,2012,Mumbai,Mumbai,Bangalore,141,6,20,20,142,1,18,20,Bangalore,Chasing,9,wicket,7.05,7.89,12,12,2,48,3,95,4,141,6,27,0,7.66,54,1,8.8,111,1,6.20,,,Evening,
300,League Match,May 10,2012,Hyderabad,Hyderabad,Delhi,187,4,20,20,193,1,16.4,20,Delhi,Chasing,9,wicket,9.35,11.58,20,28,1,64,2,127,2,187,4,44,1,9.6,112,1,7.6,167,1,4.20,,,Afternoon,
301,League Match,May 10,2012,Jaipur,Rajasthan,Chennai,126,6,20,20,127,6,18.1,20,Chennai,Chasing,4,wicket,6.30,6.99,11,25,1,61,3,89,4,126,6,30,1,6.46,53,2,7.4,77,4,10.00,,,Evening,
302,League Match,May 11,2012,Pune,Bangalore,Pune,173,3,20,20,138,9,20,20,Bangalore,FirstBatting,35,run,8.65,6.90,0,41,0,88,1,129,2,173,3,38,3,9.06,80,4,9.4,105,6,13.80,138,9,Evening,
303,League Match,May 12,2012,Kolkata,Mumbai,Kolkata,182,1,20,20,155,4,20,20,Mumbai,FirstBatting,27,run,9.10,7.75,0,43,1,76,1,132,1,182,1,23,2,10.66,61,3,12.2,106,3,15.40,155,4,Afternoon,
304,League Match,May 12,2012,Chennai,Delhi,Chennai,114,5,20,20,115,1,15.2,20,Chennai,Chasing,9,wicket,5.70,7.50,28,24,3,52,4,78,5,114,5,38,0,5.13,75,0,4,112,1,0.60,,,Evening,
305,League Match,May 13,2012,Jaipur,Rajasthan,Pune,170,4,20,20,125,9,20,20,Rajasthan,FirstBatting,45,run,8.50,6.25,0,34,1,77,1,126,2,170,4,26,4,9.66,60,4,11.1,97,6,14.80,125,9,Afternoon,
306,League Match,May 13,2012,Mohali,Hyderabad,Punjab,190,4,20,20,194,6,20,20,Punjab,Chasing,4,wicket,9.50,9.70,0,41,0,76,2,126,2,190,4,28,2,10.86,76,3,11.5,130,4,12.20,194,6,Evening,
307,League Match,May 14,2012,Bangalore,Bangalore,Mumbai,171,6,20,20,173,5,19.4,20,Mumbai,Chasing,5,wicket,8.55,8.80,2,34,2,69,3,107,4,171,6,28,3,9.6,56,5,11.6,106,5,13.20,173,5,Afternoon,
308,League Match,May 14,2012,Kolkata,Kolkata,Chennai,158,6,20,20,160,5,20,20,Chennai,Chasing,5,wicket,7.90,8.00,0,39,0,86,0,112,3,158,6,44,0,7.66,96,0,6.3,115,3,8.80,160,5,Evening,
309,League Match,May 15,2012,Delhi,Punjab,Delhi,136,8,20,20,140,5,19,20,Delhi,Chasing,5,wicket,6.80,7.37,6,38,1,64,4,99,6,136,8,36,2,6.73,55,4,8.2,103,5,6.80,,,Evening,
310,League Match,May 16,2012,Mumbai,Kolkata,Mumbai,140,7,20,20,108,10,19.1,20,Kolkata,FirstBatting,32,run,7.00,5.63,5,25,2,54,3,94,5,140,7,20,0,8.06,59,1,8.2,80,3,12.20,108,10,Evening,
311,League Match,May 17,2012,Dharamsala,Chennai,Punjab,120,7,20,20,123,4,16.3,20,Punjab,Chasing,6,wicket,6.00,7.45,21,24,2,45,3,77,4,120,7,34,0,5.8,65,2,5.6,114,3,1.40,,,Afternoon,
312,League Match,May 17,2012,Delhi,Bangalore,Delhi,215,1,20,20,194,9,20,20,Bangalore,FirstBatting,21,run,10.75,9.70,0,39,1,79,1,137,1,215,1,47,2,11.26,96,3,12,149,4,13.40,194,9,Evening,
313,League Match,May 18,2012,Hyderabad,Rajasthan,Hyderabad,126,8,20,20,128,5,18.4,20,Hyderabad,Chasing,5,wicket,6.30,6.86,8,31,1,61,3,93,4,126,8,44,0,5.53,69,1,5.8,99,3,5.60,,,Evening,
314,League Match,May 19,2012,Dharamsala,Punjab,Delhi,141,8,20,20,145,4,18.2,20,Delhi,Chasing,6,wicket,7.05,7.91,10,18,3,50,4,84,5,141,8,34,0,7.2,87,1,5.5,118,3,4.80,,,Afternoon,
315,League Match,May 19,2012,Pune,Kolkata,Pune,136,4,20,20,102,8,20,20,Kolkata,FirstBatting,34,run,6.80,5.10,0,22,1,45,2,101,2,136,4,35,1,6.8,61,3,7.6,82,4,11.00,102,8,Evening,
316,League Match,May 20,2012,Hyderabad,Hyderabad,Bangalore,132,7,20,20,123,9,20,20,Hyderabad,FirstBatting,9,run,6.60,6.15,0,21,3,47,3,75,4,132,7,37,2,6.4,57,4,7.6,89,4,8.80,123,9,Afternoon,
317,League Match,May 20,2012,Jaipur,Rajasthan,Mumbai,162,6,20,20,163,0,18,20,Mumbai,Chasing,10,wicket,8.10,9.06,12,31,1,74,2,106,4,162,6,39,0,8.26,79,0,8.4,140,0,4.60,,,Evening,
318,1st Qualifying Match,May 22,2012,Pune,Kolkata,Delhi,162,4,20,20,144,8,20,20,Kolkata,FirstBatting,18,run,8.10,7.20,0,36,0,68,1,99,3,162,4,47,2,7.73,83,2,8,109,4,10.80,144,8,Evening,
319,Elimination Final,May 23,2012,Bangalore,Chennai,Mumbai,187,5,20,20,149,9,20,20,Chennai,FirstBatting,38,run,9.35,7.45,0,22,2,61,2,114,4,187,5,47,1,9.4,77,3,11.1,112,7,15.20,149,9,Evening,
320,2nd Qualifying Match,May 25,2012,Chennai,Chennai,Delhi,222,5,20,20,136,10,16.5,20,Chennai,FirstBatting,86,run,11.10,8.08,19,39,0,83,1,162,2,222,5,35,2,12.53,89,3,13.4,128,7,19.00,,,Evening,
321,Final,May 27,2012,Chennai,Chennai,Kolkata,190,3,20,20,192,5,19.4,20,Kolkata,Chasing,5,wicket,9.50,9.76,2,35,0,86,0,136,1,190,3,41,1,10,100,1,9.1,141,2,10.00,192,5,Evening,
322,League Match,Apr 3,2013,Kolkata,Delhi,Kolkata,128,10,20,20,129,4,18.4,20,Kolkata,Chasing,6,wicket,6.40,6.91,8,41,1,68,3,96,5,128,10,40,1,5.93,75,2,5.4,100,4,5.80,,,Evening,
323,League Match,Apr 4,2013,Bangalore,Bangalore,Mumbai,156,5,20,20,154,5,20,20,Bangalore,FirstBatting,2,run,7.80,7.70,0,28,2,59,3,100,5,156,5,27,0,8.66,62,2,9.5,96,3,12.20,154,5,Evening,
324,League Match,Apr 5,2013,Hyderabad,Hyderabad,Pune,126,6,20,20,104,10,18.5,20,Hyderabad,FirstBatting,22,run,6.30,5.52,7,32,0,60,2,87,4,126,6,18,0,7.26,48,3,7.9,78,4,9.80,,,Evening,
325,League Match,Apr 6,2013,Delhi,Rajasthan,Delhi,165,7,20,20,160,6,20,20,Rajasthan,FirstBatting,5,run,8.25,8.00,0,36,1,73,1,127,2,165,7,33,0,8.86,73,1,9.3,120,2,9.20,160,6,Afternoon,
326,League Match,Apr 6,2013,Chennai,Mumbai,Chennai,148,6,20,20,139,9,20,20,Mumbai,FirstBatting,9,run,7.40,6.95,0,28,2,72,4,96,6,148,6,32,2,7.8,58,3,9.1,93,5,11.20,139,9,Evening,
327,League Match,Apr 7,2013,Pune,Pune,Punjab,99,9,20,20,100,2,12.2,20,Punjab,Chasing,8,wicket,4.95,8.11,46,21,2,38,5,64,6,99,9,54,1,3.06,84,2,1.6,,,,,,Afternoon,
328,League Match,Apr 7,2013,Hyderabad,Bangalore,Hyderabad,130,8,20,20,130,7,20,20,Match tied,Match Tied,,,6.50,6.50,0,33,2,55,3,94,4,130,8,31,2,6.66,56,3,7.5,91,4,8.00,130,7,Evening,
329,League Match,Apr 8,2013,Jaipur,Rajasthan,Kolkata,144,6,20,20,125,10,19,20,Rajasthan,FirstBatting,19,run,7.20,6.58,6,27,1,63,2,100,3,144,6,36,2,7.26,55,5,9,99,7,9.20,,,Evening,
330,League Match,Apr 9,2013,Bangalore,Hyderabad,Bangalore,161,6,20,20,162,3,17.4,20,Bangalore,Chasing,7,wicket,8.05,9.17,14,32,1,62,2,98,3,161,6,39,0,8.2,69,2,9.3,117,3,9.00,,,Afternoon,
331,League Match,Apr 9,2013,Mumbai,Mumbai,Delhi,209,5,20,20,165,9,20,20,Mumbai,FirstBatting,44,run,10.45,8.25,0,22,2,80,2,138,3,209,5,42,2,11.2,84,2,12.6,126,5,16.80,165,9,Evening,
332,League Match,Apr 10,2013,Mohali,Punjab,Chennai,138,10,19.5,20,139,0,17.2,20,Chennai,Chasing,10,wicket,6.96,8.02,16,38,2,72,3,116,4,138,10,31,0,7.2,65,0,7.4,103,0,7.20,,,Evening,
333,League Match,Apr 11,2013,Bangalore,Kolkata,Bangalore,154,8,20,20,158,2,17.3,20,Bangalore,Chasing,8,wicket,7.70,9.03,15,31,1,72,2,113,3,154,8,21,1,8.93,80,2,7.5,117,2,7.60,,,Afternoon,
334,League Match,Apr 11,2013,Pune,Rajasthan,Pune,145,5,20,20,148,3,18.4,20,Pune,Chasing,7,wicket,7.25,7.93,8,40,1,72,1,102,4,145,5,58,1,5.86,87,1,5.9,117,2,5.80,,,Evening,
335,League Match,Apr 12,2013,Delhi,Delhi,Hyderabad,114,8,20,20,115,7,19.2,20,Hyderabad,Chasing,3,wicket,5.70,5.95,4,28,3,46,4,72,5,114,8,25,1,6,51,2,6.4,76,5,7.80,115,7,Evening,
336,League Match,Apr 13,2013,Mumbai,Mumbai,Pune,183,3,20,20,142,8,20,20,Mumbai,FirstBatting,41,run,9.15,7.10,0,37,0,72,2,115,2,183,3,34,3,10,72,5,11.2,118,6,13.20,142,8,Afternoon,
337,League Match,Apr 13,2013,Chennai,Bangalore,Chennai,165,6,20,20,166,6,19.5,20,Chennai,Chasing,4,wicket,8.25,8.37,1,26,1,64,2,115,2,165,6,17,2,9.93,64,2,10.2,101,4,13.00,166,6,Evening,
338,League Match,Apr 14,2013,Kolkata,Kolkata,Hyderabad,180,4,20,20,132,7,20,20,Kolkata,FirstBatting,48,run,9.00,6.60,0,42,0,76,1,109,2,180,4,33,0,9.86,68,1,11.3,104,3,15.40,132,7,Afternoon,
339,League Match,Apr 14,2013,Jaipur,Punjab,Rajasthan,124,10,18.5,20,126,4,19.2,20,Rajasthan,Chasing,6,wicket,6.58,6.52,4,21,3,57,4,88,6,124,10,44,1,5.4,68,3,5.7,94,4,6.20,126,4,Evening,
340,League Match,Apr 15,2013,Chennai,Pune,Chennai,159,5,20,20,135,8,20,20,Pune,FirstBatting,24,run,7.95,6.75,0,42,0,78,0,106,2,159,5,25,2,9,63,3,9.7,99,5,12.20,135,8,Evening,
341,League Match,Apr 16,2013,Mohali,Punjab,Kolkata,157,9,20,20,153,9,20,20,Punjab,FirstBatting,4,run,7.85,7.65,0,29,1,70,2,99,6,157,9,34,2,8.26,82,2,7.6,116,4,8.40,153,9,Afternoon,
342,League Match,Apr 16,2013,Bangalore,Delhi,Bangalore,152,5,20,20,152,7,20,20,Match tied,Match Tied,,,7.60,7.60,0,42,0,67,2,94,4,152,5,43,2,7.33,84,2,6.9,126,2,5.40,152,7,Evening,
343,League Match,Apr 17,2013,Pune,Hyderabad,Pune,119,8,20,20,108,10,19,20,Hyderabad,FirstBatting,11,run,5.95,5.68,6,17,4,42,5,75,7,119,8,39,2,5.4,65,3,5.5,87,4,6.60,,,Afternoon,
344,League Match,Apr 17,2013,Jaipur,Rajasthan,Mumbai,179,3,20,20,92,10,18.2,20,Rajasthan,FirstBatting,87,run,8.95,5.02,10,42,0,88,1,125,2,179,3,24,2,10.4,42,4,13.8,71,7,21.80,,,Evening,
345,League Match,Apr 18,2013,Delhi,Chennai,Delhi,169,4,20,20,83,10,17.3,20,Chennai,FirstBatting,86,run,8.45,4.74,15,34,1,60,1,116,2,169,4,30,3,9.33,58,4,11.2,80,7,18.00,,,Evening,
346,League Match,Apr 19,2013,Hyderabad,Punjab,Hyderabad,123,9,20,20,127,5,18.5,20,Hyderabad,Chasing,5,wicket,6.15,6.74,7,29,1,55,3,92,4,123,9,25,1,6.6,56,2,6.8,87,3,7.40,,,Evening,
347,League Match,Apr 20,2013,Kolkata,Kolkata,Chennai,119,9,20,20,124,6,19.1,20,Chennai,Chasing,4,wicket,5.95,6.47,5,44,0,65,4,89,6,119,9,26,1,6.26,48,3,7.2,70,4,10.00,124,6,Afternoon,
348,League Match,Apr 20,2013,Bangalore,Rajasthan,Bangalore,117,10,19.4,20,123,3,17.5,20,Bangalore,Chasing,7,wicket,5.95,6.90,13,25,1,66,3,101,4,117,10,46,0,4.8,67,3,5.1,98,3,4.00,,,Evening,
349,League Match,Apr 21,2013,Delhi,Mumbai,Delhi,161,4,20,20,165,1,17,20,Delhi,Chasing,9,wicket,8.05,9.71,18,22,1,57,2,107,2,161,4,51,0,7.4,102,0,6,144,0,3.60,,,Afternoon,
350,League Match,Apr 21,2013,Mohali,Pune,Punjab,185,4,20,20,186,3,19.5,20,Punjab,Chasing,7,wicket,9.25,9.38,1,47,0,77,0,124,1,185,4,44,2,9.46,83,3,10.3,129,3,11.40,186,3,Evening,
351,League Match,Apr 22,2013,Chennai,Rajasthan,Chennai,185,4,20,20,186,5,19.5,20,Chennai,Chasing,5,wicket,9.25,9.38,1,48,0,88,2,131,3,185,4,45,1,9.4,92,1,9.4,140,2,9.20,186,5,Evening,
352,League Match,Apr 23,2013,Bangalore,Bangalore,Pune,263,5,20,20,133,9,20,20,Bangalore,FirstBatting,130,run,13.15,6.65,0,61,0,128,0,196,1,263,5,37,2,15.13,76,4,18.8,111,5,30.60,133,9,Afternoon,
353,League Match,Apr 23,2013,Delhi,Delhi,Punjab,120,7,20,20,121,5,17,20,Punjab,Chasing,5,wicket,6.00,7.12,18,32,2,54,3,90,6,120,7,51,3,4.66,77,4,4.4,101,4,4.00,,,Evening,
354,League Match,Apr 24,2013,Kolkata,Kolkata,Mumbai,159,6,20,20,162,5,19.5,20,Mumbai,Chasing,5,wicket,7.95,8.17,1,54,1,81,2,112,3,159,6,30,1,8.66,79,2,8.1,116,3,8.80,162,5,Evening,
355,League Match,Apr 25,2013,Chennai,Hyderabad,Chennai,159,6,20,20,160,5,19.4,20,Chennai,Chasing,5,wicket,7.95,8.14,2,37,3,62,4,96,4,159,6,46,0,7.6,76,2,8.4,114,3,9.20,160,5,Evening,
356,League Match,Apr 26,2013,Kolkata,Punjab,Kolkata,149,6,20,20,150,4,18.2,20,Kolkata,Chasing,6,wicket,7.45,8.18,10,33,0,72,2,111,4,149,6,36,2,7.6,75,2,7.5,118,3,6.40,,,Evening,
357,League Match,Apr 27,2013,Jaipur,Hyderabad,Rajasthan,144,9,20,20,146,2,17.5,20,Rajasthan,Chasing,8,wicket,7.20,8.19,13,19,5,64,6,92,7,144,9,21,1,8.26,53,1,9.2,109,2,7.20,,,Afternoon,
358,League Match,Apr 27,2013,Mumbai,Mumbai,Bangalore,194,7,20,20,136,7,20,20,Mumbai,FirstBatting,58,run,9.70,6.80,0,38,1,97,1,143,3,194,7,34,0,10.73,66,4,12.9,94,7,20.20,136,7,Evening,
359,League Match,Apr 28,2013,Chennai,Chennai,Kolkata,200,3,20,20,186,4,20,20,Chennai,FirstBatting,14,run,10.00,9.30,0,49,0,103,0,151,1,200,3,51,1,10,85,2,11.6,126,3,15.00,186,4,Afternoon,
360,League Match,Apr 28,2013,Raipur,Delhi,Pune,164,5,20,20,149,4,20,20,Delhi,FirstBatting,15,run,8.20,7.45,0,24,1,68,2,101,4,164,5,37,0,8.53,75,0,9,110,2,11.00,149,4,Evening,
361,League Match,Apr 29,2013,Jaipur,Bangalore,Rajasthan,171,6,20,20,173,6,19.5,20,Rajasthan,Chasing,4,wicket,8.55,8.72,1,49,1,75,2,116,3,171,6,36,1,9.06,80,2,9.2,120,3,10.40,173,6,Afternoon,
362,League Match,Apr 29,2013,Mumbai,Mumbai,Punjab,174,3,20,20,170,10,20,20,Mumbai,FirstBatting,4,run,8.70,8.50,0,28,1,59,2,102,3,174,3,38,2,9.13,80,5,9.5,118,7,11.40,170,10,Evening,
363,League Match,Apr 30,2013,Pune,Chennai,Pune,164,3,20,20,127,9,20,20,Chennai,FirstBatting,37,run,8.20,6.35,0,26,1,55,2,102,2,164,3,43,4,8.13,68,6,9.7,93,7,14.40,127,9,Evening,
364,League Match,May 1,2013,Hyderabad,Mumbai,Hyderabad,129,4,20,20,130,3,18,20,Hyderabad,Chasing,7,wicket,6.45,7.22,12,32,2,60,2,89,4,129,4,25,1,7,61,2,6.9,106,2,4.80,,,Afternoon,
365,League Match,May 1,2013,Raipur,Kolkata,Delhi,136,7,20,20,137,3,17.5,20,Delhi,Chasing,7,wicket,6.80,7.68,13,29,2,50,5,83,5,136,7,32,2,7,56,2,8.1,100,2,7.40,,,Evening,
366,League Match,May 2,2013,Chennai,Chennai,Punjab,186,4,20,20,171,6,20,20,Chennai,FirstBatting,15,run,9.30,8.55,0,32,1,69,1,116,3,186,4,27,1,10.66,65,2,12.2,122,3,13.00,171,6,Afternoon,
367,League Match,May 2,2013,Pune,Bangalore,Pune,187,3,20,20,170,9,20,20,Bangalore,FirstBatting,17,run,9.35,8.50,0,23,0,75,1,119,2,187,3,35,1,10.2,77,2,11.1,122,4,13.20,170,9,Evening,
368,League Match,May 3,2013,Kolkata,Rajasthan,Kolkata,132,6,20,20,133,2,17.2,20,Kolkata,Chasing,8,wicket,6.60,7.67,16,28,2,71,2,102,4,132,6,40,0,6.2,82,2,5.1,114,2,3.80,,,Evening,
369,League Match,May 4,2013,Hyderabad,Delhi,Hyderabad,80,10,19.1,20,81,4,13.5,20,Hyderabad,Chasing,6,wicket,4.17,5.86,37,23,1,43,2,70,6,80,10,33,1,3.2,55,3,2.6,,,,,,Evening,
370,League Match,May 5,2013,Mumbai,Mumbai,Chennai,139,5,20,20,79,10,15.2,20,Mumbai,FirstBatting,60,run,6.95,5.15,28,21,0,47,3,82,4,139,5,21,4,7.93,48,6,9.2,78,9,12.40,,,Afternoon,
371,League Match,May 5,2013,Jaipur,Pune,Rajasthan,178,4,20,20,182,5,19.5,20,Rajasthan,Chasing,5,wicket,8.90,9.18,1,50,0,92,0,125,2,178,4,40,0,9.26,84,0,9.5,128,2,10.20,182,5,Evening,
372,League Match,May 6,2013,Mohali,Bangalore,Punjab,190,3,20,20,194,4,18,20,Punjab,Chasing,6,wicket,9.50,10.78,12,41,0,88,0,133,1,190,3,31,2,10.66,68,4,12.3,138,4,10.60,,,Evening,
373,League Match,May 7,2013,Jaipur,Delhi,Rajasthan,154,4,20,20,155,1,17.5,20,Rajasthan,Chasing,9,wicket,7.70,8.69,13,41,2,55,3,101,4,154,4,36,0,7.93,77,0,7.8,126,1,5.80,,,Afternoon,
374,League Match,May 7,2013,Mumbai,Mumbai,Kolkata,170,6,20,20,105,10,18.2,20,Mumbai,FirstBatting,65,run,8.50,5.73,10,38,0,69,0,106,2,170,6,30,1,9.4,62,4,10.9,92,7,15.80,,,Evening,
375,League Match,May 8,2013,Hyderabad,Chennai,Hyderabad,223,3,20,20,146,8,20,20,Chennai,FirstBatting,77,run,11.15,7.30,0,44,0,91,1,136,1,223,3,46,1,11.86,75,5,14.9,109,6,23.00,146,8,Evening,
376,League Match,May 9,2013,Mohali,Punjab,Rajasthan,145,6,20,20,147,2,19,20,Rajasthan,Chasing,8,wicket,7.25,7.74,6,28,1,74,1,107,3,145,6,31,1,7.66,73,2,7.3,105,2,8.20,,,Afternoon,
377,League Match,May 9,2013,Pune,Kolkata,Pune,152,6,20,20,106,10,19.3,20,Kolkata,FirstBatting,46,run,7.60,5.44,3,44,0,66,2,96,4,152,6,29,2,8.26,49,3,10.4,80,5,14.60,106,10,Evening,
378,League Match,May 10,2013,Delhi,Bangalore,Delhi,183,4,20,20,179,7,20,20,Bangalore,FirstBatting,4,run,9.15,8.95,0,32,2,74,2,99,3,183,4,48,1,9.06,88,3,9.6,123,4,12.20,179,7,Evening,
379,League Match,May 11,2013,Pune,Pune,Mumbai,112,8,20,20,116,5,18.5,20,Mumbai,Chasing,5,wicket,5.60,6.16,7,29,2,58,2,88,5,112,8,26,2,5.8,50,3,6.3,83,3,6.00,,,Afternoon,
380,League Match,May 11,2013,Mohali,Hyderabad,Punjab,150,7,20,20,120,9,20,20,Hyderabad,FirstBatting,30,run,7.50,6.00,0,29,1,56,5,98,6,150,7,29,1,8.13,54,4,9.7,93,4,11.60,120,9,Evening,
381,League Match,May 12,2013,Ranchi,Bangalore,Kolkata,115,9,20,20,116,5,19.2,20,Kolkata,Chasing,5,wicket,5.75,6.00,4,16,1,54,2,84,3,115,9,27,1,5.93,61,2,5.5,85,3,6.20,116,5,Afternoon,
382,League Match,May 12,2013,Jaipur,Chennai,Rajasthan,141,4,20,20,144,5,17.1,20,Rajasthan,Chasing,5,wicket,7.05,8.39,17,26,0,75,0,100,3,141,4,19,3,8.2,49,4,9.3,130,4,2.40,,,Evening,
383,League Match,May 13,2013,Mumbai,Hyderabad,Mumbai,178,3,20,20,184,3,19.3,20,Mumbai,Chasing,7,wicket,8.90,9.44,3,44,1,87,1,131,2,178,3,35,1,9.6,73,1,10.6,113,3,13.20,184,3,Evening,
384,League Match,May 14,2013,Bangalore,Bangalore,Punjab,174,5,20,20,176,3,18.1,20,Punjab,Chasing,7,wicket,8.70,9.69,11,26,1,52,1,111,1,174,5,33,1,9.46,79,1,9.6,140,1,7.00,,,Afternoon,
385,League Match,May 14,2013,Chennai,Chennai,Delhi,168,4,20,20,135,9,20,20,Chennai,FirstBatting,33,run,8.40,6.75,0,30,0,71,2,109,3,168,4,34,2,9,65,5,10.4,103,6,13.20,135,9,Evening,
386,League Match,May 15,2013,Ranchi,Pune,Kolkata,170,4,20,20,163,7,20,20,Pune,FirstBatting,7,run,8.50,8.15,0,39,0,72,1,112,2,170,4,30,3,9.4,74,3,9.7,122,3,9.80,163,7,Afternoon,
387,League Match,May 15,2013,Mumbai,Mumbai,Rajasthan,166,8,20,20,152,7,20,20,Mumbai,FirstBatting,14,run,8.30,7.60,0,35,1,81,1,132,3,166,8,27,3,9.33,60,5,10.7,106,6,12.20,152,7,Evening,
388,League Match,May 16,2013,Dharamsala,Punjab,Delhi,171,4,20,20,164,7,20,20,Punjab,FirstBatting,7,run,8.55,8.20,0,36,0,76,1,103,2,171,4,14,3,10.53,57,3,11.5,100,4,14.40,164,7,Evening,
389,League Match,May 17,2013,Hyderabad,Hyderabad,Rajasthan,136,9,20,20,113,9,20,20,Hyderabad,FirstBatting,23,run,6.80,5.65,0,17,3,48,3,90,4,136,9,30,0,7.13,44,2,9.3,73,5,12.80,113,9,Evening,
390,League Match,May 18,2013,Dharamsala,Punjab,Mumbai,183,8,20,20,133,10,19.1,20,Punjab,FirstBatting,50,run,9.15,6.94,5,22,2,80,2,131,2,183,8,37,2,9.8,69,4,11.5,107,5,15.40,133,10,Afternoon,
391,League Match,May 18,2013,Bangalore,Bangalore,Chennai,106,2,8,8,82,6,8,8,Bangalore,FirstBatting,24,run,13.25,10.25,0,66,0,,,,,,,37,3,23.66,,,,,,,,,Evening,
392,League Match,May 19,2013,Pune,Pune,Delhi,172,5,20,20,134,9,20,20,Pune,FirstBatting,38,run,8.60,6.70,0,37,0,74,2,107,4,172,5,40,2,8.86,65,5,10.8,104,5,13.80,134,9,Afternoon,
393,League Match,May 19,2013,Hyderabad,Kolkata,Hyderabad,130,7,20,20,132,5,18.5,20,Hyderabad,Chasing,5,wicket,6.50,7.01,7,27,1,56,2,89,3,130,7,30,0,6.73,77,0,5.4,106,3,5.00,,,Evening,
394,Qualifier 1,May 21,2013,Delhi,Chennai,Mumbai,192,1,20,20,144,10,18.4,20,Chennai,FirstBatting,48,run,9.60,7.71,8,39,0,69,1,125,1,192,1,40,1,10.2,92,2,10.1,127,5,13.20,,,Evening,
395,Eliminator,May 22,2013,Delhi,Hyderabad,Rajasthan,132,7,20,20,135,6,19.2,20,Rajasthan,Chasing,4,wicket,6.60,6.98,4,21,2,48,2,77,3,132,7,28,1,7,57,5,7.6,99,5,6.80,135,6,Evening,
396,Qualifier 2,May 24,2013,Kolkata,Rajasthan,Mumbai,165,6,20,20,169,6,19.5,20,Mumbai,Chasing,4,wicket,8.25,8.52,1,33,0,65,3,104,4,165,6,36,0,8.66,73,1,9.3,126,2,8.00,169,6,Evening,
397,Final,May 26,2013,Kolkata,Mumbai,Chennai,148,9,20,20,125,9,20,20,Mumbai,FirstBatting,23,run,7.40,6.25,0,25,3,58,4,100,4,148,9,29,3,8,54,6,9.5,83,8,13.20,125,9,Evening,
398,League Match,Apr 16,2014,Abu Dhabi,Kolkata,Mumbai,163,5,20,20,122,7,20,20,Kolkata,FirstBatting,41,run,8.15,6.10,0,28,1,63,1,110,1,163,5,25,1,9.26,54,2,11,95,2,13.80,122,7,Evening,
399,League Match,Apr 17,2014,Sharjah,Delhi,Bangalore,145,4,20,20,146,2,16.4,20,Bangalore,Chasing,8,wicket,7.25,8.76,20,17,3,49,4,82,4,145,4,37,1,7.26,69,2,7.7,124,2,4.40,,,Evening,
400,League Match,Apr 18,2014,Abu Dhabi,Chennai,Punjab,205,4,20,20,206,4,18.5,20,Punjab,Chasing,6,wicket,10.25,10.94,7,59,0,102,0,145,1,205,4,52,2,10.26,93,3,11.3,156,3,10.00,,,Afternoon,
401,League Match,Apr 18,2014,Abu Dhabi,Hyderabad,Rajasthan,133,6,20,20,135,6,19.3,20,Rajasthan,Chasing,4,wicket,6.65,6.92,3,33,1,69,1,90,3,133,6,28,2,7.06,61,3,7.3,102,3,6.40,135,6,Evening,
402,League Match,Apr 19,2014,Dubai,Mumbai,Bangalore,115,9,20,20,116,3,17.3,20,Bangalore,Chasing,7,wicket,5.75,6.63,15,31,1,63,3,92,4,115,9,24,3,6.13,50,3,6.6,92,3,4.80,,,Afternoon,
403,League Match,Apr 19,2014,Dubai,Kolkata,Delhi,166,5,20,20,167,6,19.3,20,Delhi,Chasing,4,wicket,8.30,8.56,3,27,2,63,2,112,3,166,5,43,2,8.26,84,3,8.3,123,4,8.80,167,6,Evening,
404,League Match,Apr 20,2014,Sharjah,Rajasthan,Punjab,191,5,20,20,193,3,18.4,20,Punjab,Chasing,7,wicket,9.55,10.34,8,41,1,85,2,143,3,191,5,30,2,10.8,69,2,12.3,132,3,12.00,,,Evening,
405,League Match,Apr 21,2014,Abu Dhabi,Chennai,Delhi,177,7,20,20,84,10,15.4,20,Chennai,FirstBatting,93,run,8.85,5.36,26,30,1,65,1,111,3,177,7,18,3,10.66,53,5,12.5,82,8,19.20,,,Evening,
406,League Match,Apr 22,2014,Sharjah,Punjab,Hyderabad,193,6,20,20,121,10,19.2,20,Punjab,FirstBatting,72,run,9.65,6.26,4,38,0,77,1,152,2,193,6,33,3,10.73,74,4,12,99,7,19.00,121,10,Evening,
407,League Match,Apr 23,2014,Dubai,Chennai,Rajasthan,140,6,20,20,133,10,19.5,20,Chennai,FirstBatting,7,run,7.00,6.71,1,32,0,71,3,101,6,140,6,37,1,6.93,56,4,8.5,87,8,10.80,133,10,Evening,
408,League Match,Apr 24,2014,Sharjah,Kolkata,Bangalore,150,7,20,20,148,5,20,20,Kolkata,FirstBatting,2,run,7.50,7.40,0,38,2,82,2,106,4,150,7,34,0,7.8,77,2,7.4,116,2,7.00,148,5,Evening,
409,League Match,Apr 25,2014,Dubai,Hyderabad,Delhi,184,1,20,20,180,4,20,20,Hyderabad,FirstBatting,4,run,9.20,9.00,0,47,0,81,1,118,1,184,1,37,0,9.86,86,0,9.9,119,2,13.20,180,4,Afternoon,
410,League Match,Apr 25,2014,Dubai,Mumbai,Chennai,141,7,20,20,142,3,19,20,Chennai,Chasing,7,wicket,7.05,7.47,6,26,2,57,2,108,2,141,7,37,0,7,76,2,6.6,107,2,7.00,,,Evening,
411,League Match,Apr 26,2014,Abu Dhabi,Bangalore,Rajasthan,70,10,15,20,71,4,13,20,Rajasthan,Chasing,6,wicket,4.67,5.46,42,16,4,45,6,70,10,70,10,32,1,2.6,48,3,2.3,,,,,,Afternoon,
412,League Match,Apr 26,2014,Abu Dhabi,Punjab,Kolkata,132,9,20,20,109,10,18.2,20,Punjab,FirstBatting,23,run,6.60,5.95,10,37,2,76,4,111,6,132,9,19,2,7.6,43,3,9,75,7,11.60,,,Evening,
413,League Match,Apr 27,2014,Sharjah,Mumbai,Delhi,125,6,20,20,126,4,18.5,20,Delhi,Chasing,6,wicket,6.25,6.69,7,31,2,49,4,69,5,125,6,30,0,6.4,55,1,7.1,103,2,4.60,,,Afternoon,
414,League Match,Apr 27,2014,Sharjah,Hyderabad,Chennai,145,5,20,20,146,5,19.3,20,Chennai,Chasing,5,wicket,7.25,7.49,3,32,2,65,2,98,4,145,5,36,0,7.33,75,0,7.1,124,2,4.40,146,5,Evening,
415,League Match,Apr 28,2014,Dubai,Bangalore,Punjab,124,8,20,20,127,5,18.5,20,Punjab,Chasing,5,wicket,6.20,6.74,7,34,4,69,5,98,7,124,8,31,1,6.26,63,3,6.2,101,5,4.80,,,Evening,
416,League Match,Apr 29,2014,Abu Dhabi,Rajasthan,Kolkata,152,5,20,20,152,8,20,20,Match tied,Match Tied,,,7.60,7.60,0,25,1,63,2,106,2,152,5,30,1,8.2,59,2,9.4,101,4,10.40,152,8,Evening,
417,League Match,Apr 30,2014,Dubai,Hyderabad,Mumbai,172,5,20,20,157,7,20,20,Hyderabad,FirstBatting,15,run,8.60,7.85,0,38,2,71,2,117,2,172,5,24,2,9.93,60,3,11.3,106,3,13.40,157,7,Evening,
418,League Match,May 2,2014,Ranchi,Chennai,Kolkata,148,3,17,17,114,9,17,17,Chennai,FirstBatting,34,run,8.71,6.71,0,33,1,85,1,126,3,,,38,2,9.33,66,5,12,91,7,29.50,,,Evening,
419,League Match,May 3,2014,Mumbai,Punjab,Mumbai,168,5,20,20,170,5,19.1,20,Mumbai,Chasing,5,wicket,8.40,8.87,5,31,2,70,2,126,3,168,5,42,2,8.46,70,3,9.9,118,3,10.20,170,5,Afternoon,
420,League Match,May 3,2014,Delhi,Delhi,Rajasthan,152,5,20,20,156,3,18.3,20,Rajasthan,Chasing,7,wicket,7.60,8.43,9,35,1,71,3,94,3,152,5,31,1,8.13,71,2,8.2,115,3,7.60,,,Evening,
421,League Match,May 4,2014,Bangalore,Hyderabad,Bangalore,155,6,20,20,158,6,19.5,20,Bangalore,Chasing,4,wicket,7.75,7.97,1,38,2,72,2,106,3,155,6,32,2,8.26,59,3,9.7,97,5,11.80,158,6,Evening,
422,League Match,May 5,2014,Ahmedabad,Rajasthan,Kolkata,170,6,20,20,160,6,20,20,Rajasthan,FirstBatting,10,run,8.50,8.00,0,44,0,76,1,116,2,170,6,39,0,8.8,80,0,9.1,122,3,9.80,160,6,Afternoon,
423,League Match,May 5,2014,Delhi,Delhi,Chennai,178,5,20,20,181,2,19.4,20,Chennai,Chasing,8,wicket,8.90,9.20,2,37,2,75,2,122,5,178,5,47,0,8.8,69,0,11,127,1,10.40,181,2,Evening,
424,League Match,May 6,2014,Mumbai,Mumbai,Bangalore,187,5,20,20,168,8,20,20,Mumbai,FirstBatting,19,run,9.35,8.40,0,41,1,85,4,119,4,187,5,53,0,9,98,2,9,125,4,12.60,168,8,Evening,
425,League Match,May 7,2014,Delhi,Delhi,Kolkata,160,5,20,20,161,2,18.2,20,Kolkata,Chasing,8,wicket,8.00,8.78,10,26,1,66,3,103,4,160,5,42,0,7.93,90,0,7.1,128,1,6.60,,,Afternoon,
426,League Match,May 7,2014,Cuttack,Punjab,Chennai,231,4,20,20,187,6,20,20,Punjab,FirstBatting,44,run,11.55,9.35,0,37,1,69,2,153,2,231,4,34,1,13.2,85,2,14.7,119,4,22.60,187,6,Evening,
427,League Match,May 8,2014,Ahmedabad,Hyderabad,Rajasthan,134,9,20,20,102,10,19.5,20,Hyderabad,FirstBatting,32,run,6.70,5.14,1,46,1,74,3,102,5,134,9,32,2,6.86,60,4,7.5,81,5,10.80,102,10,Evening,
428,League Match,May 9,2014,Bangalore,Punjab,Bangalore,198,8,20,20,166,9,20,20,Punjab,FirstBatting,32,run,9.90,8.30,0,45,0,107,3,140,4,198,8,22,2,11.8,52,5,14.7,109,6,18.00,166,9,Evening,
429,League Match,May 10,2014,Delhi,Delhi,Hyderabad,143,7,20,20,44,2,4.2,5,Hyderabad,Chasing,8,wicket,7.15,10.15,4,37,1,75,3,121,3,143,7,44,2,,,,,,,,,,Afternoon,D/L
430,League Match,May 10,2014,Mumbai,Mumbai,Chennai,157,6,20,20,160,6,19.3,20,Chennai,Chasing,4,wicket,7.85,8.21,3,32,1,57,1,99,2,157,6,34,1,8.26,75,2,8.3,112,2,9.20,160,6,Evening,
431,League Match,May 11,2014,Cuttack,Punjab,Kolkata,149,8,20,20,150,1,18,20,Kolkata,Chasing,9,wicket,7.45,8.33,12,48,1,85,2,116,4,149,8,48,0,6.8,89,1,6.1,123,1,5.40,,,Afternoon,
432,League Match,May 11,2014,Bangalore,Bangalore,Rajasthan,190,5,20,20,191,5,18.5,20,Rajasthan,Chasing,5,wicket,9.50,10.14,7,22,1,57,3,106,3,190,5,38,0,10.2,68,3,12.3,122,5,13.80,,,Evening,
433,League Match,May 12,2014,Hyderabad,Hyderabad,Mumbai,157,3,20,20,160,3,18.4,20,Mumbai,Chasing,7,wicket,7.85,8.57,8,31,1,70,2,103,2,157,3,32,1,8.4,75,1,8.3,125,1,6.60,,,Evening,
434,League Match,May 13,2014,Ranchi,Rajasthan,Chennai,148,8,20,20,149,5,19.4,20,Chennai,Chasing,5,wicket,7.40,7.58,2,25,0,84,1,114,4,148,8,42,2,7.13,76,3,7.3,106,4,8.60,149,5,Afternoon,
435,League Match,May 13,2014,Bangalore,Bangalore,Delhi,186,4,20,20,170,7,20,20,Bangalore,FirstBatting,16,run,9.30,8.50,0,33,0,60,2,108,4,186,4,36,2,10.06,76,3,11.1,119,5,13.60,170,7,Evening,
436,League Match,May 14,2014,Hyderabad,Hyderabad,Punjab,205,5,20,20,211,4,18.4,20,Punjab,Chasing,6,wicket,10.25,11.30,8,49,0,72,1,127,2,205,5,66,1,9.33,131,3,7.5,169,4,7.40,,,Afternoon,
437,League Match,May 14,2014,Cuttack,Mumbai,Kolkata,141,5,20,20,142,4,18.4,20,Kolkata,Chasing,6,wicket,7.05,7.61,8,35,1,62,2,99,3,141,5,40,0,6.8,68,1,7.4,100,2,8.40,,,Evening,
438,League Match,May 15,2014,Ahmedabad,Rajasthan,Delhi,201,6,20,20,139,9,20,20,Rajasthan,FirstBatting,62,run,10.05,6.95,0,43,0,86,1,141,2,201,6,30,2,11.46,62,5,14,93,8,21.80,139,9,Evening,
439,League Match,May 18,2014,Ranchi,Chennai,Bangalore,138,4,20,20,142,5,19.5,20,Bangalore,Chasing,5,wicket,6.90,7.16,1,29,2,55,2,107,3,138,4,17,1,8.13,45,1,9.4,86,2,10.60,142,5,Afternoon,
440,League Match,May 18,2014,Hyderabad,Hyderabad,Kolkata,142,8,20,20,146,3,19.4,20,Kolkata,Chasing,7,wicket,7.10,7.42,2,40,1,77,3,109,5,142,8,21,1,8.13,60,2,8.3,103,2,8.00,146,3,Evening,
441,League Match,May 19,2014,Ahmedabad,Mumbai,Rajasthan,178,3,20,20,153,8,20,20,Mumbai,FirstBatting,25,run,8.90,7.65,0,34,0,76,0,122,2,178,3,41,2,9.2,69,5,11,96,7,16.60,153,8,Afternoon,
442,League Match,May 19,2014,Delhi,Delhi,Punjab,164,7,20,20,165,6,19.4,20,Punjab,Chasing,4,wicket,8.20,8.39,2,47,1,84,1,121,2,164,7,55,0,7.33,95,4,7,127,5,7.60,165,6,Evening,
443,League Match,May 20,2014,Hyderabad,Bangalore,Hyderabad,160,6,20,20,161,3,19.4,20,Hyderabad,Chasing,7,wicket,8.00,8.19,2,23,1,48,2,105,3,160,6,45,0,7.73,72,0,8.9,116,1,9.00,161,3,Afternoon,
444,League Match,May 20,2014,Kolkata,Chennai,Kolkata,154,4,20,20,156,2,18,20,Kolkata,Chasing,8,wicket,7.70,8.67,12,33,1,59,1,106,2,154,4,45,0,7.33,88,1,6.7,119,2,7.20,,,Evening,
445,League Match,May 21,2014,Mohali,Punjab,Mumbai,156,8,20,20,159,3,19,20,Mumbai,Chasing,7,wicket,7.80,8.37,6,34,1,90,2,107,5,156,8,53,0,6.93,96,1,6.1,133,2,4.80,,,Evening,
446,League Match,May 22,2014,Kolkata,Kolkata,Bangalore,195,4,20,20,165,5,20,20,Kolkata,FirstBatting,30,run,9.75,8.25,0,35,2,86,3,141,3,195,4,30,1,11.06,72,1,12.4,106,3,18.00,165,5,Afternoon,
447,League Match,May 22,2014,Ranchi,Chennai,Hyderabad,185,3,20,20,189,4,19.4,20,Hyderabad,Chasing,6,wicket,9.25,9.61,2,39,1,81,3,117,3,185,3,43,0,9.53,100,0,8.6,148,1,7.60,189,4,Evening,
448,League Match,May 23,2014,Mumbai,Mumbai,Delhi,173,10,19.3,20,158,4,20,20,Mumbai,FirstBatting,15,run,8.87,7.90,0,54,0,100,1,149,4,173,10,43,0,8.73,62,3,11.2,105,3,13.80,158,4,Afternoon,
449,League Match,May 23,2014,Mohali,Punjab,Rajasthan,179,4,20,20,163,8,20,20,Punjab,FirstBatting,16,run,8.95,8.15,0,46,1,83,2,120,4,179,4,31,1,9.93,64,3,11.6,92,5,17.60,163,8,Evening,
450,League Match,May 24,2014,Bangalore,Bangalore,Chennai,154,6,20,20,160,2,17.4,20,Chennai,Chasing,8,wicket,7.70,9.06,14,31,2,56,3,101,4,154,6,59,1,6.4,87,2,6.8,111,2,8.80,,,Afternoon,
451,League Match,May 24,2014,Kolkata,Hyderabad,Kolkata,160,7,20,20,161,6,14.2,20,Kolkata,Chasing,4,wicket,8.00,11.23,34,41,1,78,2,121,4,160,7,43,1,7.86,78,4,8.3,161,6,,,,Evening,
452,League Match,May 25,2014,Mohali,Delhi,Punjab,115,10,18.1,20,119,3,13.5,20,Punjab,Chasing,7,wicket,6.33,8.60,37,43,1,69,4,103,6,115,10,30,2,5.73,78,2,3.8,,,,,,Afternoon,
453,League Match,May 25,2014,Mumbai,Rajasthan,Mumbai,189,4,20,20,195,5,14.4,20,Mumbai,Chasing,5,wicket,9.45,13.30,32,30,0,59,1,134,2,189,4,61,3,8.6,120,4,7,195,5,,,,Evening,
454,Qualifier 1,May 27,2014,Kolkata,Kolkata,Punjab,163,8,20,20,135,8,20,20,Kolkata,FirstBatting,28,run,8.15,6.75,0,42,1,73,3,112,5,163,8,39,1,8.33,68,3,9.6,92,6,14.40,135,8,Evening,
455,Eliminator,May 28,2014,Mumbai (BS),Mumbai,Chennai,173,8,20,20,176,3,18.4,20,Chennai,Chasing,7,wicket,8.65,9.43,8,34,0,82,1,127,2,173,8,43,0,8.73,89,3,8.5,132,3,8.40,,,Evening,
456,Qualifier 2,May 30,2014,Mumbai,Punjab,Chennai,226,6,20,20,202,7,20,20,Punjab,FirstBatting,24,run,11.30,10.10,0,57,0,109,0,167,2,226,6,67,2,10.66,122,3,10.5,155,6,14.40,202,7,Evening,
457,Final,Jun 1,2014,Bangalore,Punjab,Kolkata,199,4,20,20,200,7,19.3,20,Kolkata,Chasing,3,wicket,9.95,10.26,3,30,1,58,2,131,2,199,4,48,1,10.13,89,2,11.1,151,3,9.80,200,7,Evening,
458,League Match,Apr 8,2015,Kolkata,Mumbai,Kolkata,168,3,20,20,170,3,18.3,20,Kolkata,Chasing,7,wicket,8.40,9.19,9,37,2,57,3,101,3,168,3,32,1,9.13,85,1,8.4,129,3,8.00,,,Evening,
459,League Match,Apr 9,2015,Chennai,Chennai,Delhi,150,7,20,20,149,9,20,20,Chennai,FirstBatting,1,run,7.50,7.45,0,49,2,82,3,116,4,150,7,39,3,7.46,67,3,8.4,102,5,9.80,149,9,Evening,
460,League Match,Apr 10,2015,Pune,Rajasthan,Punjab,162,7,20,20,136,8,20,20,Rajasthan,FirstBatting,26,run,8.10,6.80,0,20,2,73,3,110,5,162,7,46,3,7.8,66,4,9.7,104,5,11.80,136,8,Evening,
461,League Match,Apr 11,2015,Chennai,Chennai,Hyderabad,209,4,20,20,164,6,20,20,Chennai,FirstBatting,45,run,10.45,8.20,0,41,0,89,1,143,2,209,4,37,1,11.53,80,2,13,115,4,19.00,164,6,Afternoon,
462,League Match,Apr 11,2015,Kolkata,Kolkata,Bangalore,177,6,20,20,179,7,19,20,Bangalore,Chasing,3,wicket,8.85,9.42,6,46,0,77,0,122,2,177,6,29,1,9.93,77,3,10.1,119,5,11.80,,,Evening,
463,League Match,Apr 12,2015,Delhi,Delhi,Rajasthan,184,3,20,20,186,7,20,20,Rajasthan,Chasing,3,wicket,9.20,9.30,0,46,1,84,1,119,2,184,3,37,1,9.86,74,3,11.1,130,4,11.00,186,7,Afternoon,
464,League Match,Apr 12,2015,Mumbai,Punjab,Mumbai,177,5,20,20,159,7,20,20,Punjab,FirstBatting,18,run,8.85,7.95,0,46,0,87,2,127,3,177,5,17,2,10.73,32,4,14.6,79,6,19.80,159,7,Evening,
465,League Match,Apr 13,2015,Bangalore,Bangalore,Hyderabad,166,10,19.5,20,172,2,17.2,20,Hyderabad,Chasing,8,wicket,8.37,9.92,16,39,0,77,1,114,4,166,10,58,0,7.26,95,2,7.2,137,2,6.00,,,Evening,
466,League Match,Apr 14,2015,Ahmedabad,Mumbai,Rajasthan,164,5,20,20,165,3,19.1,20,Rajasthan,Chasing,7,wicket,8.20,8.61,5,27,1,45,3,83,3,164,5,33,1,8.8,69,1,9.6,113,3,10.40,165,3,Evening,
467,League Match,Apr 15,2015,Pune,Punjab,Delhi,165,7,20,20,169,5,19.5,20,Delhi,Chasing,5,wicket,8.25,8.52,1,33,1,73,1,115,3,165,7,40,1,8.4,69,2,9.7,120,2,9.20,169,5,Evening,
468,League Match,Apr 16,2015,Visakhapatnam,Hyderabad,Rajasthan,127,5,20,20,131,4,20,20,Rajasthan,Chasing,6,wicket,6.35,6.55,0,35,2,55,3,90,4,127,5,27,0,6.73,63,0,6.5,96,3,6.40,131,4,Evening,
469,League Match,Apr 17,2015,Mumbai,Mumbai,Chennai,183,7,20,20,189,4,16.4,20,Chennai,Chasing,6,wicket,9.15,11.34,20,20,3,62,4,132,5,183,7,72,0,7.46,128,2,5.6,168,4,3.20,,,Evening,
470,League Match,Apr 18,2015,Visakhapatnam,Delhi,Hyderabad,167,4,20,20,163,8,20,20,Delhi,FirstBatting,4,run,8.35,8.15,0,28,1,80,1,121,2,167,4,32,0,9.06,69,2,9.9,110,3,11.60,163,8,Afternoon,
471,League Match,Apr 18,2015,Pune,Punjab,Kolkata,155,9,20,20,159,6,17.5,20,Kolkata,Chasing,4,wicket,7.75,8.92,13,37,3,77,3,112,5,155,9,38,2,7.86,68,5,8.8,125,5,6.20,,,Evening,
472,League Match,Apr 19,2015,Ahmedabad,Chennai,Rajasthan,156,4,20,20,157,2,18.2,20,Rajasthan,Chasing,8,wicket,7.80,8.56,10,36,1,68,4,106,4,156,4,42,0,7.66,88,0,6.9,138,0,3.80,,,Afternoon,
473,League Match,Apr 19,2015,Bangalore,Mumbai,Bangalore,209,7,20,20,191,7,20,20,Mumbai,FirstBatting,18,run,10.45,9.55,0,45,0,83,1,133,2,209,7,26,1,12.26,60,2,15,129,6,16.20,191,7,Evening,
474,League Match,Apr 20,2015,Delhi,Delhi,Kolkata,146,8,20,20,147,4,18.1,20,Kolkata,Chasing,6,wicket,7.30,8.09,11,26,2,69,3,103,5,146,8,35,2,7.46,79,3,6.8,119,3,5.60,,,Evening,
475,League Match,Apr 21,2015,Ahmedabad,Rajasthan,Punjab,191,6,20,20,191,6,20,20,Match tied,Match Tied,,,9.55,9.55,0,34,0,90,0,136,2,191,6,33,1,10.6,67,3,12.5,120,4,14.40,191,6,Evening,
476,League Match,Apr 22,2015,Visakhapatnam,Hyderabad,Kolkata,176,4,20,20,101,4,12,12,Hyderabad,FirstBatting,16,run,8.80,8.42,0,36,0,80,0,133,1,176,4,40,1,11.14,86,3,16,,,,,,Afternoon,D/L
477,League Match,Apr 22,2015,Bangalore,Chennai,Bangalore,181,8,20,20,154,8,20,20,Chennai,FirstBatting,27,run,9.05,7.70,0,38,1,81,2,134,4,181,8,34,2,9.86,75,3,10.7,111,5,14.20,154,8,Evening,
478,League Match,Apr 23,2015,Delhi,Delhi,Mumbai,190,4,20,20,153,9,20,20,Delhi,FirstBatting,37,run,9.50,7.65,0,43,1,65,1,137,1,190,4,38,1,10.2,81,3,11,120,4,14.20,153,9,Evening,
479,League Match,Apr 24,2015,Ahmedabad,Rajasthan,Bangalore,130,9,20,20,134,1,16.1,20,Bangalore,Chasing,9,wicket,6.50,8.29,23,36,1,73,3,100,5,130,9,37,1,6.26,83,1,4.8,124,1,1.40,,,Evening,
480,League Match,Apr 25,2015,Mumbai,Mumbai,Hyderabad,157,8,20,20,137,8,20,20,Mumbai,FirstBatting,20,run,7.85,6.85,0,36,0,72,2,112,4,157,8,45,1,7.53,74,3,8.4,104,4,10.80,137,8,Afternoon,
481,League Match,Apr 25,2015,Chennai,Chennai,Punjab,192,3,20,20,95,9,20,20,Chennai,FirstBatting,97,run,9.60,4.75,0,51,1,97,1,138,2,192,3,35,1,10.53,57,5,13.6,79,7,22.80,95,9,Evening,
482,League Match,Apr 26,2015,Delhi,Delhi,Bangalore,95,10,18.2,20,99,0,10.3,20,Bangalore,Chasing,10,wicket,5.18,9.43,57,34,1,54,4,85,7,95,10,43,0,3.53,90,0,0.6,,,,,,Evening,
483,League Match,Apr 27,2015,Mohali,Hyderabad,Punjab,150,6,20,20,130,9,20,20,Hyderabad,FirstBatting,20,run,7.50,6.50,0,46,1,76,3,104,3,150,6,21,2,8.66,61,4,9,93,5,11.60,130,9,Evening,
484,League Match,Apr 28,2015,Chennai,Chennai,Kolkata,134,6,20,20,132,9,20,20,Chennai,FirstBatting,2,run,6.70,6.60,0,48,1,73,3,99,5,134,6,52,1,5.53,70,3,6.5,90,4,9.00,132,9,Evening,
485,League Match,Apr 30,2015,Kolkata,Chennai,Kolkata,165,9,20,20,169,3,19.5,20,Kolkata,Chasing,7,wicket,8.25,8.52,1,64,2,88,5,121,5,165,9,36,1,8.66,66,3,10,118,3,9.60,169,3,Evening,
486,League Match,May 1,2015,Delhi,Punjab,Delhi,118,8,20,20,119,1,13.5,20,Delhi,Chasing,9,wicket,5.90,8.60,37,16,4,46,6,74,6,118,8,33,0,5.73,75,0,4.4,,,,,,Afternoon,
487,League Match,May 1,2015,Mumbai,Mumbai,Rajasthan,187,5,20,20,179,7,20,20,Mumbai,FirstBatting,8,run,9.35,8.95,0,43,1,81,2,120,4,187,5,49,1,9.26,87,2,10.1,127,3,12.20,179,7,Evening,
488,League Match,May 2,2015,Bangalore,Kolkata,Bangalore,111,4,10,10,115,3,9.4,10,Bangalore,Chasing,7,wicket,11.10,11.90,2,44,1,111,4,,,,,52,2,12.2,115,3,,,,,,,Afternoon,
489,League Match,May 2,2015,Hyderabad,Hyderabad,Chennai,192,7,20,20,170,6,20,20,Hyderabad,FirstBatting,22,run,9.60,8.50,0,62,0,107,2,143,3,192,7,48,1,9.66,87,3,10.6,130,5,12.60,170,6,Evening,
490,League Match,May 3,2015,Mohali,Mumbai,Punjab,172,3,20,20,149,7,20,20,Mumbai,FirstBatting,23,run,8.60,7.45,0,46,0,96,0,123,1,172,3,42,2,8.73,73,2,10,113,3,12.00,149,7,Afternoon,
491,League Match,May 3,2015,Mumbai (BS),Rajasthan,Delhi,189,2,20,20,175,7,20,20,Rajasthan,FirstBatting,14,run,9.45,8.75,0,36,0,74,1,114,1,189,2,41,2,9.93,67,3,12.3,120,4,14.00,175,7,Evening,
492,League Match,May 4,2015,Chennai,Chennai,Bangalore,148,9,20,20,124,10,19.4,20,Chennai,FirstBatting,24,run,7.40,6.31,2,29,1,68,2,101,4,148,9,34,2,7.66,71,3,7.8,100,5,9.80,124,10,Afternoon,
493,League Match,May 4,2015,Kolkata,Kolkata,Hyderabad,167,7,20,20,132,9,20,20,Kolkata,FirstBatting,35,run,8.35,6.60,0,45,0,77,1,111,5,167,7,29,3,9.26,63,4,10.5,88,7,16.00,132,9,Evening,
494,League Match,May 5,2015,Mumbai,Delhi,Mumbai,152,6,20,20,153,5,19.3,20,Mumbai,Chasing,5,wicket,7.60,7.85,3,43,1,69,3,95,4,152,6,36,3,7.8,61,4,9.2,99,4,10.80,153,5,Evening,
495,League Match,May 6,2015,Bangalore,Bangalore,Punjab,226,3,20,20,88,10,13.4,20,Bangalore,FirstBatting,138,run,11.30,6.44,38,58,0,104,0,171,1,226,3,29,3,13.2,63,8,16.4,,,,,,Evening,
496,League Match,May 7,2015,Mumbai (BS),Hyderabad,Rajasthan,201,4,20,20,194,7,20,20,Hyderabad,FirstBatting,7,run,10.05,9.70,0,49,1,88,1,133,3,201,4,35,2,11.13,68,3,13.4,126,5,15.20,194,7,Afternoon,
497,League Match,May 7,2015,Kolkata,Kolkata,Delhi,171,7,20,20,158,6,20,20,Kolkata,FirstBatting,13,run,8.55,7.90,0,39,1,72,2,109,4,171,7,34,0,9.2,64,1,10.8,106,4,13.20,158,6,Evening,
498,League Match,May 8,2015,Chennai,Chennai,Mumbai,158,5,20,20,159,4,19.2,20,Mumbai,Chasing,6,wicket,7.90,8.22,4,44,1,67,3,103,3,158,5,50,0,7.26,84,0,7.5,101,3,11.60,159,4,Evening,
499,League Match,May 9,2015,Kolkata,Punjab,Kolkata,183,5,20,20,184,9,19.5,20,Kolkata,Chasing,1,wicket,9.15,9.28,1,41,0,75,1,134,2,183,5,55,1,8.6,74,3,11,136,5,9.60,184,9,Afternoon,
500,League Match,May 9,2015,Raipur,Hyderabad,Delhi,163,4,20,20,157,4,20,20,Hyderabad,FirstBatting,6,run,8.15,7.85,0,32,2,62,2,99,4,163,4,34,1,8.66,65,3,9.9,104,4,12.00,157,4,Evening,
501,League Match,May 10,2015,Mumbai,Bangalore,Mumbai,235,1,20,20,196,7,20,20,Bangalore,FirstBatting,39,run,11.75,9.80,0,29,1,88,1,147,1,235,1,35,1,13.4,83,2,15.3,135,3,20.20,196,7,Afternoon,
502,League Match,May 10,2015,Chennai,Chennai,Rajasthan,157,5,20,20,145,9,20,20,Chennai,FirstBatting,12,run,7.85,7.25,0,23,2,60,2,108,2,157,5,32,0,8.4,63,3,9.5,93,5,13.00,145,9,Evening,
503,League Match,May 11,2015,Hyderabad,Hyderabad,Punjab,185,5,20,20,180,7,20,20,Hyderabad,FirstBatting,5,run,9.25,9.00,0,53,0,86,1,140,2,185,5,42,1,9.6,70,4,11.6,104,6,16.40,180,7,Evening,
504,League Match,May 12,2015,Raipur,Chennai,Delhi,119,6,20,20,120,4,16.4,20,Delhi,Chasing,6,wicket,5.95,7.20,20,16,0,46,3,83,3,119,6,24,2,6.4,66,2,5.4,97,3,4.60,,,Evening,
505,League Match,May 13,2015,Mohali,Punjab,Bangalore,106,6,10,10,84,6,10,10,Punjab,FirstBatting,22,run,10.60,8.40,0,56,3,106,6,,,,,49,2,11.6,84,6,,,,,,,Evening,
506,League Match,May 14,2015,Mumbai,Mumbai,Kolkata,171,4,20,20,166,7,20,20,Mumbai,FirstBatting,5,run,8.55,8.30,0,34,1,67,3,99,4,171,4,38,0,8.93,74,2,9.8,122,4,10.00,166,7,Evening,
507,League Match,May 15,2015,Hyderabad,Hyderabad,Bangalore,135,3,11,11,83,4,5.5,6,Bangalore,Chasing,6,wicket,12.27,14.23,1,50,1,125,2,,,,,68,3,14,,,,,,,,,Evening,
508,League Match,May 16,2015,Mohali,Punjab,Chennai,130,7,20,20,134,3,16.5,20,Chennai,Chasing,7,wicket,6.50,7.96,19,35,2,56,5,86,6,130,7,40,2,6.06,76,2,5.5,111,3,4.00,,,Afternoon,
509,League Match,May 16,2015,Mumbai (BS),Rajasthan,Kolkata,199,6,20,20,190,9,20,20,Rajasthan,FirstBatting,9,run,9.95,9.50,0,52,0,107,1,146,4,199,6,44,2,10.4,97,3,10.3,144,5,11.20,190,9,Evening,
510,League Match,May 17,2015,Hyderabad,Hyderabad,Mumbai,113,10,20,20,114,1,13.5,20,Mumbai,Chasing,9,wicket,5.65,8.24,37,21,2,54,5,80,6,113,10,37,0,5.13,73,0,4.1,,,,,,Evening,
511,Qualifier 1,May 19,2015,Mumbai,Mumbai,Chennai,187,6,20,20,162,10,19,20,Mumbai,FirstBatting,25,run,9.35,8.53,6,35,0,86,0,135,2,187,6,46,1,9.46,86,2,10.2,121,6,13.40,,,Evening,
512,Eliminator,May 20,2015,Pune,Bangalore,Rajasthan,180,4,20,20,109,10,19,20,Bangalore,FirstBatting,71,run,9.00,5.74,6,38,0,60,2,113,2,180,4,34,2,9.8,68,3,11.3,92,7,17.80,,,Evening,
513,Qualifier 2,May 22,2015,Ranchi,Bangalore,Chennai,139,8,20,20,140,7,19.5,20,Chennai,Chasing,3,wicket,6.95,7.06,1,25,2,46,3,90,4,139,8,28,1,7.46,62,3,7.8,91,3,9.80,140,7,Evening,
514,Final,May 24,2015,Kolkata,Mumbai,Chennai,202,5,20,20,161,8,20,20,Mumbai,FirstBatting,41,run,10.10,8.05,0,47,1,98,1,146,3,202,5,26,1,11.8,67,1,13.6,112,4,18.20,161,8,Evening,
,,,,,,,,,,,,,,,,,,,,,,,,,,,,,,,,,,,,,,,,,,
,,,,,,,,,,,,,,,,,,,,,,,,,,,,,,,,,,,,,,,,,,
,,,,,,,,,,,,,,,,,,,,,,,,,,,,,,,,,,,,,,,,,,
